ls_product_id,barcode,ls_name,error
c495c35f-c7bb-4989-b71e-1c2e194f3c06,197150414167,Men's Cody Johnson Two Pocket Western Snap Shirt (M-KON-112378949-MCJ-BAB-XXL),barcode already used by another LS product
fa4bebef-de73-4aad-bc12-d9ef95d663b2,840862011871,AWST Int'l Barrel Racer Necklace w/Colorful Cowboy Hat Gift Box (A-JPC-JN140),barcode already used by another LS product
b0e1b96d-0809-4be8-a9c1-5ff950751b7d,195556091715,Always Be My Baby,barcode already used by another LS product
40cbca70-1351-4ff0-a71f-863b34d0bb95,701340792418,Ariat Trucker Cap (A-MFW-A300093133-OS),barcode already used by another LS product
01be2490-3237-4b8e-a4d4-d28e38328036,840184564437,Breathe Classic Bootcut (W-CTU-JBREAC-33-XL),barcode already used by another LS product
54b5ba5f-f9ab-426d-b220-ed969ec2ebc3,810141638693,Chris Kyle BLK Camo 5P TRK (A-GEN-CK025-BLA-OSFA),barcode already used by another LS product
2f30ebb3-08c6-4d06-9e81-f14434c950a1,810157675040,Chris Kyle Tan 6P Trucker Hat (A-GEN-CK027-TAN-OSFA),barcode already used by another LS product
6286bc86-6770-438c-b869-a428d5d46a22,883383865417,CoJo Special Hat,barcode already used by another LS product
93c22c06-0742-4756-b3ac-d59edbbd5dcb,688499026109,Dark Oil Quality Lead (A-JTI-18-090-DAR-1),barcode already used by another LS product
7dba1dee-0af3-4436-a5a0-392429d21011,810125585098,Lakota HY PUR/BLK 6P TRK OSFA Cap,barcode already used by another LS product
e404a747-7ba0-4181-82a2-29297bec2336,810141635388,Rope Like MT/WHT 5P TRK TUR OSFA (A-GEN-2449T-MTWH-RW-OSFA),barcode already used by another LS product
04917f74-e00c-4571-a96f-6aae6a0780a1,688499142861,Sleek N' Shine Grooming Block (A-JTI-68-9990-0-0),barcode already used by another LS product
a1342c2e-6f55-4fe3-b0d1-f3f28fe46d54,688499507042,Tough 1 - Brown Churchill Leather Stable Halter w/ Lead (A-JTI-44-2031-BRO) [A-JTI-44-2031-BRO],barcode already used by another LS product
5553e3df-f747-4542-af47-76c33c3c6317,688499026086,Tough 1 Dark Oil Leather Lead w/ Brass Plated Chain (A-JTI-18-080-DAR-3/4),barcode already used by another LS product
30bb894f-86d7-444e-83c0-0447ed9c7864,688499107235,Tough 1 Halter & Lead Pair,barcode already used by another LS product
9d8a1331-47e2-442f-a8aa-8d5acf5ae9e7,701340526167,Twister Hat T71621-7.5 [A-MFW-T71621-7.5-7-1/2],barcode already used by another LS product
920eb5cb-6928-4030-8163-fbaadb883b76,749186509685,"Vengeance Men's 12"" Waterproof U Toe Work Western Boots (M-BHS-DH5427-NEU-12-D) [M-BHS-DH5427-NEU-12-D]",barcode already used by another LS product
3a4ab95d-3a6f-4165-b355-d06f9dc91ea6,701340009714,Wood Boot Jacks (A-GEN-0400201-WB),barcode already used by another LS product
2bed81f0-e25b-41af-85dc-5f29ab1b4790,810157674944,Zenith Tn/Wht 6P TRL OSFA (A-GEN-2524T-TNWH-TW-OSFA),barcode already used by another LS product
8b62175b-31e0-41e8-bd05-d5c55baea40c,197318499708,Activator VentTEK H20 Steel Toe (M-ARI-10061119-DBR-10.5-D),barcode already used by another LS product
66a277bb-1eff-4bcf-960c-450451a47983,197318499685,Activator VentTEK H20 Steel Toe (M-ARI-10061119-DBR-10.5-D),barcode already used by another LS product
5f1096a8-77c5-4f0b-a669-6a00ac25214d,197318499678,Activator VentTEK H20 Steel Toe (M-ARI-10061119-DBR-10.5-D),barcode already used by another LS product
c45317cd-2d6a-4689-981e-3d8d13084484,197318499753,Activator VentTEK H20 Steel Toe (M-ARI-10061119-DBR-10.5-D),barcode already used by another LS product
749a3caa-bd03-48a2-8245-901e91dc6aca,197318499883,Activator VentTEK H20 Steel Toe (M-ARI-10061119-DBR-10.5-D),barcode already used by another LS product
b2be4302-b225-4fe9-bb3e-d3fc5e232e8b,197318499739,Activator VentTEK H20 Steel Toe (M-ARI-10061119-DBR-10.5-D),barcode already used by another LS product
a85c55ff-78a6-437a-8e3d-b8ee8102f290,197318499876,Activator VentTEK H20 Steel Toe (M-ARI-10061119-DBR-10.5-D),barcode already used by another LS product
fe0bd612-b888-43e4-aa66-7dc31474961d,197318499722,Activator VentTEK H20 Steel Toe (M-ARI-10061119-DBR-10.5-D),barcode already used by another LS product
de873f12-05d8-4c54-af4b-1d51bab8f03d,197318278662,Ariat Countryside Mid Socks (A-ARI-AR4155-250-M-BEI-M),barcode already used by another LS product
0d6a718a-a822-418e-a258-4368bb07c1bf,701340536722,Ariat Hat A73124,barcode already used by another LS product
29e7a462-e3e1-46c8-a879-bbfc8cb921b7,197318905254,Ariat Lightweight Twill SS Shirt (M-ARI-10073617-SIL-S),barcode already used by another LS product
29e1defa-bb72-4111-af95-62427e9a95c3,197318905261,Ariat Lightweight Twill SS Shirt (M-ARI-10073617-SIL-S),barcode already used by another LS product
6ae6e18e-11c2-4bf8-9a0c-d656559f5a54,197318905278,Ariat Lightweight Twill SS Shirt (M-ARI-10073617-SIL-S),barcode already used by another LS product
f8477743-d63f-40f7-8328-a60f0909bf80,197318905285,Ariat Lightweight Twill SS Shirt (M-ARI-10073617-SIL-S),barcode already used by another LS product
3bb06c9d-a4e8-4130-8a12-5c7327618cce,197318905230,Ariat Lightweight Twill SS Shirt (M-ARI-10073617-SIL-S),barcode already used by another LS product
2b8c71d7-5852-4b09-bb27-6020c75a3f73,197318905247,Ariat Lightweight Twill SS Shirt (M-ARI-10073617-SIL-S),barcode already used by another LS product
73f1c7a7-698c-4f16-9092-3f0e21efbb10,889359595708,Ariat M4 Relaxed Boot Cut Jeans (M-ARI-10017511-DUR-40-34),barcode already used by another LS product
d1b75220-8b89-4f11-90cf-512589f61b09,889359501600,Ariat M4 Relaxed Boot Cut Jeans (M-ARI-10022676-KIL-34-38),barcode already used by another LS product
f3bead18-e606-4535-926f-e15d1689f882,192904345865,Ariat M7 Slim Fit Straight Leg Jeans (M-ARI-10032321-SUM-28-32),barcode already used by another LS product
b3d47ea5-f89f-4755-8bdc-e47d9f359ba5,197318662287,Ariat Men's Western Big Rig (M-ARI-10033870-BLA-17-EE),barcode already used by another LS product
02412757-ad8c-4f3d-aca2-e4bc63b893d7,195696822156,Ariat Perfect Rise Straight Leg Newport Jeans (W-ARI-10048271-33-S),barcode already used by another LS product
9b977964-50f3-47b3-8867-416c41c91fa5,195696195366,Ariat REAL Perfect Rise Boot Cut (W-ARI-10041063-29-S) [W-ARI-10041063-29-S],barcode already used by another LS product
81c3b241-3137-4160-9bdc-ba2138298046,889359493141,Ariat Rebar M3 Loose Straight Leg Jeans (M-ARI-10022605-SIE-34-34),barcode already used by another LS product
ee125ef5-1dd1-4cf1-bf2d-6447cf84d265,195696203375,Ariat Rebar M4 Relaxed Boot Cut Jeans (M-ARI-10041086-GAB-33-34),barcode already used by another LS product
0cc0086c-0e10-4ca8-996f-923824f7f582,195696018467,Ariat Rebar M5 Work Flow Pants (M-ARI-10039289-BLA-30-34),barcode already used by another LS product
33969f9c-bb80-4c38-a622-185fffa63232,195696590284,Ariat Rebar Work Flex Jeans (W-ARI-10045373-32-S),barcode already used by another LS product
e574880d-02c0-4ee9-9343-c23f55f115a7,195696404574,Ariat Ultra Stretch Katie Jeans (W-ARI-10043175-31-L),barcode already used by another LS product
78876663-7029-4e57-b4c0-c4021b30bc64,195696205331,Ariat Work Rebar M7 Slim Fit Straight Leg (M-ARI-10041080-BLA-30-34),barcode already used by another LS product
5c6b685b-059d-40f7-9e79-68e9867870b9,197318151354,Crius Insulated Vest (W-ARI-10052831-CC-1X),barcode already used by another LS product
1f8a54e3-8190-49aa-961f-f9f233b129a2,195696432454,Demetri Classic LS Shirt (M-ARI-10043921-WIN-S/P),barcode already used by another LS product
56b1bd66-f537-4a92-9d60-9988a978d5a8,197318907715,Felipe FTD LS SNP SHRT (M-ARI-10073623-CHA-XXL),barcode already used by another LS product
1359fb62-2439-48f7-a2ea-a5c065cde5bf,197318907722,Felipe FTD LS SNP SHRT (M-ARI-10073623-CHA-XXL),barcode already used by another LS product
039bf898-c264-4faa-9e3d-4c1097b0c948,197318907685,Felipe FTD LS SNP SHRT (M-ARI-10073623-CHA-XXL),barcode already used by another LS product
c28b3c00-47d4-494a-8bfe-a6cff178cdd1,197318907692,Felipe FTD LS SNP SHRT (M-ARI-10073623-CHA-XXL),barcode already used by another LS product
051a7a6a-7f12-49e2-aa1c-2fa96f87d92d,197318907708,Felipe FTD LS SNP SHRT (M-ARI-10073623-CHA-XXL),barcode already used by another LS product
480c9e17-2d4d-41ec-b66a-3eb267cd097d,751702668875,Heritage Western R Toe (M-ARI-10002218-BLA-14-D),barcode already used by another LS product
0ce8c1fb-1c3b-4342-81f9-b322fe046094,195696251277,Real Crius Ins Vest (W-ARI-10041584-BAN-XL),barcode already used by another LS product
9c2d4a79-3f59-413b-9727-74349dfcee53,192904726282,Women's Circuit Savanna (W-ARI-10035942-NAT-6.5-B),barcode already used by another LS product
ea896f50-cec8-4daf-af6f-9d4ea6bc269d,195696536329,Women's Olena Boots (W-ARI-10044442-6-B),barcode already used by another LS product
6d0ed92b-dfce-43dc-90b7-e51d3f5dec09,701340515901,Blazin Roxx 30592 (A-MFW-30592-MUL),barcode already used by another LS product
067f7b55-288c-4306-85fc-1dd12aa3573a,701340515918,Blazin Roxx 30594 (A-MFW-30594-BLA),barcode already used by another LS product
dff71970-8f51-4326-ab5f-d630af56938d,193109643961,Corral LD Fuchsia Embroidered Ankle Boot (W-COR-Z5137-FUC-8-M) [W-COR-Z5137-FUC-8-M],barcode already used by another LS product
40a9c8ca-d8e3-4a3f-9f30-7f1255f5c1b2,193109786781,MN Tobacco/Turquoise Fish Pirarucu Embroid (M-COR-B50223-TT-12-D) [M-COR-B50223-TT-12-D],barcode already used by another LS product
23006c0f-c6a6-4ced-b460-b42f17e07511,193109786798,MN Tobacco/Turquoise Fish Pirarucu Embroid (M-COR-B5023-TT-13-NA) [M-COR-B5023-TT-13-NA],barcode already used by another LS product
1299e572-e1ba-4223-bc9a-608ea50bf298,731871428999,Holland Tan Water Buffalo Women's Roper Toe Boots (W-BHS-RP3311-TAN-10-B) [W-BHS-RP3311-TAN-10-B],barcode already used by another LS product
a9381466-8882-4509-8cc0-aa3c681f151b,731871832062,Kilgore Hickory Brown Water Buffalo Boots (M-BHS-SE750-HIC-13-D) [M-BHS-SE750-HIC-13-D],barcode already used by another LS product
889e117e-f87d-4552-b3ca-1c6b112a462e,731871832154,Kilgore Hickory Brown Water Buffalo Boots (M-BHS-SE7501-HIC-10.5-EE) [M-BHS-SE7501-HIC-10.5-EE],barcode already used by another LS product
1a207aff-672e-4cfe-86e2-1e00948f9a6d,731871832048,Kilgore Hickory Brown Water Buffalo Boots (M-BHS-SE7501-HIC-11.5-D) [M-BHS-SE7501-HIC-11.5-D],barcode already used by another LS product
fb2df437-3c54-4a62-b32b-360e328cb7de,731871832178,Kilgore Hickory Brown Water Buffalo Boots (M-BHS-SE7501-HIC-11.5-EE) [M-BHS-SE7501-HIC-11.5-EE],barcode already used by another LS product
6ba3c990-2736-455c-80f2-cd0872e20b84,731871832079,Kilgore Hickory Brown Water Buffalo Boots (M-BHS-SE7501-HIC-14-D) [M-BHS-SE7501-HIC-14-D],barcode already used by another LS product
c03222eb-b38c-4efb-b096-c254e1c11685,679145402972,Laredo Men Black 12 VP Stitch Boots (M-DPC-6860-BLA-8-D) [M-DPC-6860-BLA-8-D],barcode already used by another LS product
88e5cc39-b8df-47b5-ae43-26e6950389aa,701340536777,A73124 Hat,barcode already used by another LS product
499b8b95-455b-4f47-ad60-41ec7a4f8fb8,701340526150,Twister Hat,barcode already used by another LS product
36b83953-cf4b-4795-925d-d174abbf66a3,701340287143,Twister Hat T7101001,barcode already used by another LS product
7af49271-b3da-423a-b33a-d98b5c686226,701340789661,Twister Hat T73436,barcode already used by another LS product
aed7d138-58f5-4d1b-807b-c08e9ffa8a82,701340789630,Twister Hat T73436 (A-MFW-T73436-7-7),barcode already used by another LS product
62c53ac8-ed48-4535-9eb2-178c62f9e05b,701340580381,Twister Youth Hat (K-MFW-T7100348-M-M),barcode already used by another LS product
1cc9a50b-667c-456c-a851-ff1adbd082b0,701340613454,Twister Youth Hat (K-MFW-T71318-M-M),barcode already used by another LS product
7719a2ef-86fa-45c3-bb39-b7544ab8074a,196692787272,Dark Vintage Double Barrel Jeans (A-WMA-VMTBD02587-DAR-36-32),barcode already used by another LS product
d761de0c-4184-4abc-9aeb-16d38c11169d,194648870436,Dark Wash Stripe Trouser (W-WMA-RRWD5HRZTX-DAR-34-32),barcode already used by another LS product
caa716ff-ab80-4b8d-b958-772bcf4e8219,194648870443,Dark Wash Stripe Trouser (W-WMA-RRWD5HRZTX-DAR-34-32),barcode already used by another LS product
edfc17ea-2767-4265-8870-e0ef123bd7c9,194648225526,Double Barrel Bootcut Jeans (M-WMA-M0D7715-DAR-44-36),barcode already used by another LS product
d0a75d01-6c61-4b7a-b9ef-b4b35f6e4f96,197815126664,Double Barrel Stackable Boot (M-WMA-VMTBD03712-MED-40-30),barcode already used by another LS product
2006f7f5-77d6-4a79-bc4c-c2c20817760c,197815865501,Floral Print Midi Dress (W-WMA-BWD0R08086-NAV-XS),barcode already used by another LS product
59ea60a3-cb85-4a4d-b8b0-741704560596,197815934535,Floral Print Midi Dress (W-WMA-BWD0R08086-NAV-XS),barcode already used by another LS product
5a68ed1b-a3f9-48ee-b741-a2d5aff070a7,197815865495,Floral Print Midi Dress (W-WMA-BWD0R08086-NAV-XS),barcode already used by another LS product
114b15cb-1780-4cc0-85a1-fc0af297abc3,197815865518,Floral Print Midi Dress (W-WMA-BWD0R08086-NAV-XS),barcode already used by another LS product
db71283f-0422-4f2f-997b-0751ab17d4cf,197815865488,Floral Print Midi Dress (W-WMA-BWD0R08086-NAV-XS),barcode already used by another LS product
7b2cfb6f-df02-4009-bd48-3f2a634a2eea,194648772587,Juniors Mid Rise Trouser (W-WMA-W8M3517-LIG-33-32),barcode already used by another LS product
315237e1-b721-4765-9288-d4da286273d8,194648772693,Juniors Mid Rise Trouser (W-WMA-W8M3517-LIG-33-32),barcode already used by another LS product
408e052b-4061-4276-9e50-58016dc863df,197815944718,Mens LS 2Pkt Snap (M-WMA-RMN2S08249-MAR-XS),barcode already used by another LS product
b9cc7f8e-b9d6-4591-bd91-49028944b4ee,197815944725,Mens LS 2Pkt Snap (M-WMA-RMN2S08249-MAR-XS),barcode already used by another LS product
eff645eb-3997-453e-8a5f-39d68c534d47,740176170205,Riding Dark Vintage Bootcut (W-WMA-W7_9516-DAR-32-32),barcode already used by another LS product
a9039ddb-fc6b-4b0a-a3e0-72cea75de7c6,196692695737,WD Star Backyoke Highrise Boot (W-WMA-BW4HD02244-DAR-36-34),barcode already used by another LS product
816eaf9c-562b-440c-bc9f-a9c98c704e0a,196692695584,WD Star Backyoke Highrise Boot (W-WMA-BW4HD02244-DAR-36-34),barcode already used by another LS product
fb8fb10b-8a8a-4765-ae17-1c866ce521c5,196692695591,WD Star Backyoke Highrise Boot (W-WMA-BW4HD02244-DAR-36-34),barcode already used by another LS product
58396d03-9986-4780-8119-a13dd9d21bb8,196692695713,WD Star Backyoke Highrise Boot (W-WMA-BW4HD02244-DAR-36-34),barcode already used by another LS product
d6622fce-f8ef-45c8-9dc2-a5dfabd9a6bd,196070720037,Tin Haul 14-021-0007-1532 (W-KAR-14-021-0007-1532-6-NA),barcode already used by another LS product
a57e2fbc-2ecd-4e98-bee2-b938f4cab46a,884882962362,"11"" UltraLite X Work Boot (Nano toe) (M-TWX-MULN004-MD-14-D) [M-TWX-MULN004-MD-14-D]",barcode already used by another LS product
6fdfe7c9-cfd5-49c2-99d1-67f97c605af8,848825575511,"6"" Work Oblique Toe Boot (M-TWX-MFSW001-OIL-11-M)",barcode already used by another LS product
07d920ad-ab79-4313-9ab8-875bccbafd8c,884882073013,"Men's ""The Original"" Chukka Driving Moc (M-TWX-MDM0003-BOM-11.5-M)",barcode already used by another LS product
dad61928-80ad-4d81-9f92-3030cf4ac10c,884882073020,"Men's ""The Original"" Chukka Driving Moc (M-TWX-MDM0003-BOM-12-M)",barcode already used by another LS product
9fb9c617-d36b-43da-b7c7-855808d9c430,884882614872,"Men's 12"" Western Work Boot (Nano Toe) (M-TWX-MXBNW11-LIO-14-EE)",barcode already used by another LS product
30b9b5de-00d6-4e4c-8927-661a0a8db296,884882378354,"Men's 4"" Work Chelsea Wedge Sole Boot (Nano Toe) (M-TWX-MCAN001-OIL-10.5-W) [M-TWX-MCAN001-OIL-10.5-W]",barcode already used by another LS product
08a3c536-2136-48a8-bf8b-eea2af64cc0f,884882297303,Men's CellStretch Casual Slip On (M-TWX-MXC0003-BOM-14-M),barcode already used by another LS product
bdbb28f0-b759-4884-b13c-167ef0f18b5b,884882297433,Men's CellStretch Casual Slip On (M-TWX-MXC0003-BOM-14-W),barcode already used by another LS product
f0f4e700-d356-498c-94dd-bba8f908477f,884882336637,"Men's CellStretch Work Boots WS Toe (Alloy Toe) 12"" (M-TWX-MXBA001-BS-11.5-EE) [M-TWX-MXBA001-BS-11.5-EE]",barcode already used by another LS product
97e3ebe3-5398-4a2a-a52f-bea4d87b6fc6,884882608895,Men's Chukka Driving Moc (M-TWX-MDM0097-TAU-10-M),barcode already used by another LS product
9fffc3cf-8785-4236-b8d4-f8017de9a0af,884882608833,Men's Chukka Driving Moc (M-TWX-MDM0097-TAU-10.5-W),barcode already used by another LS product
50547ac8-161b-45e5-aebc-62602ac73e08,884882608796,Men's Chukka Driving Moc (M-TWX-MDM0097-TAU-11-W),barcode already used by another LS product
4f04f28c-1c7a-4e24-b22a-271028835757,884882608918,Men's Chukka Driving Moc (M-TWX-MDM0097-TAU-9.5-W),barcode already used by another LS product
2bcc0ebf-985c-49e0-863c-35780b8a1b70,884882144133,Men's Driving Mocs D Toe (M-TWX-MDM0016-SOF-11-M),barcode already used by another LS product
fe96a7fd-a121-4e6a-bb8a-f79819535289,884882144263,Men's Driving Mocs D Toe (M-TWX-MDM0016-SOF-11-W),barcode already used by another LS product
23c0f9f7-cf71-4248-9d30-3cb5d62ceb5b,884882144232,Men's Driving Mocs D Toe (M-TWX-MDM0016-SOF-9.5-W),barcode already used by another LS product
9a3c34da-018d-4b0f-85fb-d9abb8c44ddc,884882345585,Men's Logger Boots B Toe (M-TWX-MLGCW03-DIS-11-D),barcode already used by another LS product
2473b77b-8dd5-4594-b067-421983814aa8,884882981165,"Twisted X 11"" Tech X Boot (W-TWX-WXTL002-GIN-5.5-B)",barcode already used by another LS product
127d692f-16f8-4b09-918c-00c983cacdca,884882975256,"Twisted X 11"" Tech X Boot (W-TWX-WXTR006-BLA-5.5-B)",barcode already used by another LS product
11784c37-9f8b-42b9-af77-f988e778d401,884882999153,Twisted X Slip-On Kicks (W-TWX-WCA0079-DAR-5.5-M),barcode already used by another LS product
008aa830-81d6-41ab-94b3-aeb3060ec8bd,884882223494,Twisted X Women's Top Hand Western Boot (W-TWX-WTH0012-BOM-9.5-B) [W-TWX-WTH0012-BOM-9.5-B],barcode already used by another LS product
b2c30eac-f97d-452a-be81-371ce26ac050,701340572829,Twister Hat Band (A-MFW-0204602),barcode already used by another LS product
e52ca6cc-263b-47ae-abeb-adba34f2434e,701340756298,Twister Pink Youth Hat,barcode already used by another LS product
4153aa73-207f-4cf8-8a98-0cd735b2ff50,197150474680,Men's Wrangler Retro® Long Sleeve Sawtooth Snap Pocket Western Shirt,barcode already used by another LS product
aec7f198-2281-41ce-ae09-ac5d8683dc8d,197150474697,Men's Wrangler Retro® Long Sleeve Sawtooth Snap Pocket Western Shirt,barcode already used by another LS product
d98bcbbd-69bf-4648-8016-3fd4a2d7dae5,197150566767,Vintage-Inspired Brushpopper Western Snap Workshirt (M-KON-112375916-AME-2XT),barcode already used by another LS product
eacf3de1-cebd-4754-a629-e1d86017dc87,197150566750,Vintage-Inspired Brushpopper Western Snap Workshirt (M-KON-112375916-AME-2XT),barcode already used by another LS product
a1566af5-0524-4627-aff8-37a2d506caf1,197150566743,Vintage-Inspired Brushpopper Western Snap Workshirt (M-KON-112375916-AME-2XT),barcode already used by another LS product
226f437b-9a6d-411d-a705-ab409e116e4b,196458711640,Women's Wrangler® Willie Nelson Oversized Band Tee (W-KON-112361042-MAR-XL) [W-KON-112361042-MAR-XL],barcode already used by another LS product
c282e205-83d4-4706-b906-f46aaa5fcfac,196458711688,Women's Wrangler® Willie Nelson Oversized Band Tee (W-KON-112361042-MAR-XXL) [W-KON-112361042-MAR-XXL],barcode already used by another LS product
2553bd87-53c0-4f13-9094-721a9ebb85db,196458711213,Women's Wrangler® Willie Nelson Oversized Band Tee IVORY,barcode already used by another LS product
0bfed10c-392a-44f1-9225-939bd030e64e,197150443556,Wrangler Brushpopper Shirt (A-KON-112379231-NA-S),barcode already used by another LS product
3ae0e9cd-68d9-4ac6-9c5e-19186970cd7b,051071340625,Wrangler Cowboy Cut Jeans (M-KON-1013MWZTN-TAN-36-36),barcode already used by another LS product
c40dd3d3-5f67-4e1a-b019-16c49fbb8cb0,672787151949,Wrangler Cowboy Cut Jeans (M-KON-936TAN-TAN-35-32),barcode already used by another LS product
37508cb4-a658-41cf-be51-9521d0d84074,672787242418,Wrangler Cowboy Cut Western Work Shirt (M-KON-10MS70119-2XT) [M-KON-10MS70119-2XT],barcode already used by another LS product
94a359d9-b421-463f-931a-a88c320d92d3,191056523367,Wrangler Jeans [10PQJ113D],barcode already used by another LS product
99abb482-5c70-4792-8fc2-2888e6da248b,191683832870,Wrangler Retro Mae Jeans (W-KON-09MWFQG-MAE-15-32),barcode already used by another LS product
fd0036fe-9359-440d-a946-ad8fadb35d90,197150408784,Wrangler Retro Shirt (M-KON-112378801-MVR-S),barcode already used by another LS product
4c285fc5-8da0-4add-8769-5aacaafa0c42,197150408715,Wrangler Retro Shirt (M-KON-112378801-MVR-S),barcode already used by another LS product
f96c451b-bb12-47a3-948d-de577f01e174,197150408937,Wrangler Retro Shirt (M-KON-112378801-MVR-S),barcode already used by another LS product
b6d42856-732d-4a60-8707-2b0de0e2e4cc,197150408982,Wrangler Retro Shirt (M-KON-112378801-MVR-S),barcode already used by another LS product
071fe028-b6c9-4763-8734-8a447575dba4,197150408470,Wrangler Retro Shirt (M-KON-112378801-MVR-S),barcode already used by another LS product
a368e789-a5b4-4782-852f-2a1dc00c314a,197150408432,Wrangler Retro Shirt (M-KON-112378801-MVR-S),barcode already used by another LS product
7f11a1bf-0847-4006-9d90-63de1201f379,197150467491,Wrangler Retro® Short Sleeve T-Shirt Regular Fit (W-KON-112375864-ANT-XS),barcode already used by another LS product
d05a3679-790d-42f9-ba2e-452fecd2b0f1,197150467477,Wrangler Retro® Short Sleeve T-Shirt Regular Fit (W-KON-112375864-ANT-XS),barcode already used by another LS product
a0655681-c610-4676-b61d-65ecdf676cc8,197150467453,Wrangler Retro® Short Sleeve T-Shirt Regular Fit (W-KON-112375864-ANT-XS),barcode already used by another LS product
9dc778a7-ba13-41e9-aac7-3dd172f13a6b,197150468412,Wrangler Retro® Short Sleeve T-Shirt Regular Fit (W-KON-112375864-ANT-XS),barcode already used by another LS product
290881e1-286f-4a3f-af5c-111a3ca7a56d,197150468450,Wrangler Retro® Short Sleeve T-Shirt Regular Fit (W-KON-112375864-ANT-XS),barcode already used by another LS product
3cb82fe0-5b83-41fb-a06d-7b36bcc57581,197150467439,Wrangler Retro® Short Sleeve T-Shirt Regular Fit (W-KON-112375864-ANT-XS),barcode already used by another LS product
e6506d55-8355-4563-adb8-31d71afd9f3d,197150468436,Wrangler Retro® Short Sleeve T-Shirt Regular Fit (W-KON-112375864-ANT-XS),barcode already used by another LS product
358d2bad-5616-4f00-bf52-27f07cf391e7,191683257321,Wrangler Trouser Jean (K-KON-1009GWWDI-10-R),barcode already used by another LS product
cf7df2b1-e7a8-4d21-bba8-fc980caf4f7d,191056434243,Wrangler Western Shirt (W-KON-LW011FA-L),barcode already used by another LS product
f9e8b0fd-e2aa-41a2-b225-e0c6bb28ccd4,191056434236,Wrangler Western Shirt (W-KON-LW011FA-M),barcode already used by another LS product
992cdf73-51c1-4beb-a427-1d3d49ed88a3,701340794955,A.W.SB112WrkhogCH (A-MFW-A290001707),barcode already used by another LS product
d6227804-1b6c-42a1-9b0f-27c67a65dcdf,195556091746,Always Be My Baby Hat (A-GEN-CSABMB-0640NUM0-NAT-M),barcode already used by another LS product
a1f6c180-9787-4f63-94a0-45e70c0a9649,195556091777,Always Be My Baby Hat (A-GEN-CSABMB-0640NUS0-NAT-S),barcode already used by another LS product
fa766707-ce80-43f8-a68f-d1d002779f21,701340792326,Ariat Cap Toe Bug Stiich Brim Rope Black (A-MFW-A300092201),barcode already used by another LS product
12d8c9ea-c7bd-45fd-9d4e-44c5ee47fda8,701340765627,Ariat Girls Ponyflo Cap Aztec Print Logo Pink (K-MFW-A300087930-AZT-OS),barcode already used by another LS product
42d45a3a-40e5-411e-b00f-dea9003e141e,701340803749,Ariat Ladies Cap Snap Back Checker Patch White (A-MFW-A300093505-WHI-OS),barcode already used by another LS product
42e01ad1-711b-4a93-834f-ed4ac463d2e6,701340781511,Ariat Ladies PonyFlo Cap Fabric Front Multicolor (A-MFW-A300089597-BRO),barcode already used by another LS product
44f5d8fe-ca44-4208-99cc-5108f5944ca5,701340775763,Ariat Mens Cap R112 Aces 3D Embroidered Black (A-MFW-A300086901),barcode already used by another LS product
2a64595a-95e0-4ed8-bc33-40fffcdc8534,701340803817,Ariat Mens Cap Snap Back Diamond Patch Black (A-MFW-A300094201),barcode already used by another LS product
ea7d0e26-6e94-4dc9-a693-022a188a6431,701340792388,Ariat Mens Cap Snap Back Embroidered Shield Camo Black Grey (A-MFW-A300092866),barcode already used by another LS product
c66d49b3-133a-4a0f-a9cf-f0cf54a82da2,701340792333,Ariat Trucker Hat (A-MFW-A300092308-BEI-OS),barcode already used by another LS product
2028e66a-cb19-4ba2-a416-4ceeb513d2ea,701340476424,Brown Boot (A-MFW-A2301602-48-BRO-48),barcode already used by another LS product
d1dc0f6b-2ba7-4fd2-bc45-dc1161494733,701340476431,Brown Boot (A-MFW-A2301602-54-BRO-54),barcode already used by another LS product
f9d113d7-e301-4279-85b3-612cb2c74dfa,701340476455,Brown Boot (A-MFW-A2301602-63-BRO),barcode already used by another LS product
1fe217b8-d637-4bbc-b312-9e839ff6bf79,749186537268,"Civil Dusk Men's 11"" Roper (M-BHS-PH5046-CAR-10.5-D) [M-BHS-PH5046-CAR-10.5-D]",barcode already used by another LS product
3899fa1c-6b5f-4a30-911a-bcbb287faf02,749186537145,"Civil Dusk Men's 11"" Roper (M-BHS-PH5046-CAR-10.5-EE) [M-BHS-PH5046-CAR-10.5-EE]",barcode already used by another LS product
f8502097-7a2f-4a6e-8a92-90cc3a7d66b9,749186537503,Civil Dusk Men's Western Boots (M-BHS-PH5047-BLA-10.5-D) [M-BHS-PH5047-BLA-10.5-D],barcode already used by another LS product
d736fbab-420e-4bda-a836-de08314b27ae,749186537381,Civil Dusk Men's Western Boots (M-BHS-PH5047-BLA-10.5-EE) [M-BHS-PH5047-BLA-10.5-EE],barcode already used by another LS product
e0d7b1c1-a492-4e18-b360-28c5ed8dfc9a,883383865370,CoJo Special Hat [A-GEN-RSCOJO-CJ429667-NT-6-7/8],barcode already used by another LS product
ffb78115-47d7-4b2e-b754-4e5a69cd3929,883383865424,CoJo Special Hat [A-GEN-RSCOJO-CJ429674-NT-7-1/2],barcode already used by another LS product
3875fab7-f961-45bf-b11f-a8e323c36e50,883383865448,CoJo Special Hat [A-GEN-RSCOJO-CJ429676-NT-7-3/4],barcode already used by another LS product
ec68b8cc-2c9b-47ce-a7cd-f33ec6c8e9d3,733877113756,Comanche B Hat [A-GEN-CSCMCEB3041BB66-BUR-6-3/4],barcode already used by another LS product
7487e3a1-fc82-47b5-a2d4-e5668636bf5d,733877113800,Comanche B Hat [A-GEN-CSCMCEB3041BB73-BUR-7-3/8],barcode already used by another LS product
f4ac0291-0e6e-4ced-a06b-8cc32e468b9b,733877113817,Comanche B Hat [A-GEN-CSCMCEB3041BB74-BUR-7-1/2],barcode already used by another LS product
a014a0ca-7389-4734-a9d5-1e27261ac683,733877113770,Commanche B Hat (A-GEN-CSCMCEB3041BB70-BUR-7) [A-GEN-CSCMCEB3041BB70-BUR-7],barcode already used by another LS product
77f95c53-03b2-445d-b411-abb6d22bf1e3,749186515747,Double-H Outlook (M-BHS-DH6143-DO-14-D) [M-BHS-DH6143-DO-14-D],barcode already used by another LS product
fcb4f4cb-2354-49f9-ad01-614af115b77a,701340176461,HD Xtreme Work Gloves (M-ARI-H2111401-M-BLA-M) [M-ARI-H2111401-M-BLA-M],barcode already used by another LS product
9306997e-b041-4100-a3e9-34e3dbf30091,810169528334,HY SPUR DE/WH 5P TRK W.PH YTH (K-GEN-2514T-DEWH-Y-DEW) [K-GEN-2514T-DEWH-Y-DEW],barcode already used by another LS product
493cbd51-8055-4d07-8ff2-db13d36f93f9,701340130289,Hat Band (A-GEN-0237444) [A-GEN-0237444],barcode already used by another LS product
fba816d8-9f35-45ba-9a60-20af1ca83f21,701340513068,Hat Band (A-GEN-30088-MUL),barcode already used by another LS product
d645988e-097b-440c-a010-9134292051bb,701340657151,Hatband (A-GEN-D740000001-BRO),barcode already used by another LS product
d9fdff4b-c834-4430-b0c7-5e5f2101fdb1,688499120807,Head Rope Soft Lay 30' (A-JTI-58-228-0-0-WHI-7/16-x-30),barcode already used by another LS product
6a976cc7-225f-486d-970c-a9eab58f8ea8,884882616944,Kicks (W-GEN-WCA0085-WHE-9-M) [W-GEN-WCA0085-WHE-9-M],barcode already used by another LS product
7393a5cf-b856-4d9b-bf46-dde560a88331,701340748491,Lily Boot (K-MFW-4460037230-10-NA),barcode already used by another LS product
4bd0b11f-af8d-4890-937a-eff33ae3adb3,840995062023,Logan (K-SMB-3923C-BRO-10.5-NA) [K-SMB-3923C-BRO-10.5-NA],barcode already used by another LS product
fcee3561-92a0-415a-a6b7-4ff70ab97b71,840995062030,Logan (M-SMB-3923C-BRO-11-NA) [M-SMB-3923C-BRO-11-NA],barcode already used by another LS product
272a289e-df6e-42bf-8244-4f44daabdf72,701340036093,Machine Woven Braided Belt (A-MFW-2000619-BLA),barcode already used by another LS product
29b4eb76-692a-4e0d-b14f-94adf42b6d34,701340036635,Machine Woven Braided Belt (A-MFW-2000638-BT),barcode already used by another LS product
4440ff12-bc85-457f-8ae8-e225ec45e6ac,884882144140,Men's Driving Mocs D Toe (M-GEN-MDM0016-SOF-11.5-M) [M-GEN-MDM0016-SOF-11.5-M],barcode already used by another LS product
e7c2565b-1e1f-4968-9dcd-0498bb1d2fd2,701340739499,Nocona Bi-Fold Wallet (A-MFW-N5414904-BR),barcode already used by another LS product
c97418af-67cf-4afa-a3e2-42a43e65ccba,731871345401,Oilpatch Tan Water Buffalo Boots (M-BHS-WR4153-TAN-13-EE) [M-BHS-WR4153-TAN-13-EE],barcode already used by another LS product
971c471a-f254-46e0-8544-190806d0ef33,883383678505,Resistol Hat [A-RHE-883383678505-7-3/8],barcode already used by another LS product
11c6e3ae-2afe-4f7f-8fa5-65222c56f102,883383034554,Skyline Hat (A-GEN-SFSKYL-BLA-6-7/8) [A-GEN-SFSKYL-BLA-6-7/8],barcode already used by another LS product
f9f611cf-f00f-4894-8c4c-086691c913b4,840995045118,Stars and Stripes (K-SMB-3880C-VIN-10-NA) [K-SMB-3880C-VIN-10-NA],barcode already used by another LS product
b29b6ea7-e4f2-4021-a9b7-7f21cf62aab9,195556034460,Stetson Belgrade Hat (A-RHE-OSBLGD-343007L0-BLA-L) [A-RHE-OSBLGD-343007L0-BLA-L],barcode already used by another LS product
96c59c09-b0b6-430a-926f-e616bc2664e4,719280476886,Straw Hat (A-GEN-719280476886-BLA-L) [A-GEN-719280476886-BLA-L],barcode already used by another LS product
e5d32edc-e16d-4db0-acd8-43919ac660e1,719280476893,Straw Hat (A-GEN-719280476893-BLA-XL) [A-GEN-719280476893-BLA-XL],barcode already used by another LS product
e6cd552d-a709-4ffa-b271-a65a8b882223,688499026260,"Tough 1 - 3/4"" Dark Oil Leather (A-JTI-18-110-DAR-3/4)",barcode already used by another LS product
2bc1d454-b2a6-40e3-8b14-96a0d1ff9cc4,701340424852,Twister Dallas (A-MFW-T7101047-7-BRO-7) [A-MFW-T7101047-7-BRO-7],barcode already used by another LS product
d16a8c03-7695-4906-b10f-8530a65253b1,701340424869,Twister Dallas (A-MFW-T7101047-7.125-BRO-7-1/8) [A-MFW-T7101047-7.125-BRO-7-1/8],barcode already used by another LS product
d1d0848d-2c90-4e5f-96eb-5be204824ed0,701340424906,Twister Dallas (A-MFW-T7101047-7.625-BRO-7-5/8) [A-MFW-T7101047-7.625-BRO-7-5/8],barcode already used by another LS product
f707f341-ed86-4e29-9f20-b46d5775b5d8,701340710597,Twister Dallas Hat (A-MFW-T7101047-7.875-BRO-7-7/8) [A-MFW-T7101047-7.875-BRO-7-7/8],barcode already used by another LS product
f9608c40-a504-4b04-8269-9c582368ab60,701340424845,Twister Dallas [A-MFW-T7101047-6.875-BRO-6-7/8],barcode already used by another LS product
d367eb3b-ff27-4158-85a1-789b97d20c9f,701340710580,Twister Dallas [A-MFW-T7101047-7.75-7-3/4],barcode already used by another LS product
630cbd15-1a53-470c-be54-be1e13d3f680,701340287136,Twister Hat Dallas [A-MFW-T7101001-6.75-BLA-6-3/4],barcode already used by another LS product
5f50d790-dda6-4b0d-a063-8b0ce47cd663,701340287174,Twister Hat Dallas [A-MFW-T7101001-7.25-BLA-7-1/4],barcode already used by another LS product
4735e5f9-1724-4ff5-84b4-4d4733fa9a73,701340287204,Twister Hat Dallas [A-MFW-T7101001-7.625-BLA-7-5/8],barcode already used by another LS product
05873697-b887-4bc7-98d5-ca73771dfb94,701340695221,Twister Hat Dallas [A-MFW-T71010277-6.5-TAN-6-1/2],barcode already used by another LS product
0d9a663a-bbec-49ac-b195-f9a8cdd21d0a,701340710610,Twister Hat Dallas [A-MFW-T71010277-7.75-BEI-7-3/4],barcode already used by another LS product
92ca9799-871a-4c8a-830d-3b9020c62a16,701340710627,Twister Hat Dallas [A-MFW-T71010277-7.875-BEI-7-7/8],barcode already used by another LS product
23912cd6-f64d-4709-95fc-dc67a26415b2,701340767409,Twister Hat El Paso (A-MFW-T75324286-7.25-GRA-7-1/4) [A-MFW-T75324286-7.25-GRA-7-1/4],barcode already used by another LS product
372ca11f-4811-457c-9d04-81413f7bb329,701340767423,Twister Hat El Paso (A-MFW-T75324286-7.5-GRA-7-1/2) [A-MFW-T75324286-7.5-GRA-7-1/2],barcode already used by another LS product
4219b7d2-5e8b-4c08-b5b1-3f8e90c5ca64,701340767430,Twister Hat El Paso (A-MFW-T75324286-7.625-GRA-7-5/8) [A-MFW-T75324286-7.625-GRA-7-5/8],barcode already used by another LS product
d7030b62-e4d0-44c9-8f3e-a3896953bcc0,701340767362,"Twister Hat El Paso 4 1/4""SS/SS 6 3/4 (A-MFW-T75324286-6.75-GRA-6-3/4) [A-MFW-T75324286-6.75-GRA-6-3/4]",barcode already used by another LS product
e12ccc15-c907-4041-b01b-0c03b440aa7c,701340767416,Twister Hat El Paso [A-MFW-T75324286-7.375-GRA-7-3/8],barcode already used by another LS product
dbee025a-c3bd-4909-825f-128dcea17467,701340789616,Twister Hat T73436 [A-MFW-T73436-6.75-6-3/4],barcode already used by another LS product
71ff5792-a438-4093-ac02-b71ff418e6c8,701340789623,Twister Hat T73436 [A-MFW-T73436-6.875-6-7/8],barcode already used by another LS product
84415551-baed-47e1-9fbc-f22b7ffd0b6f,701340789678,Twister Hat T73436 [A-MFW-T73436-7.5-7-1/2],barcode already used by another LS product
a79dba97-691d-41bd-8f37-a2ea807a7ea6,701340789685,Twister Hat T73436 [A-MFW-T73436-7.625-7-5/8],barcode already used by another LS product
5e3d6a97-0846-4737-8108-e0ebb262b2b0,749186526446,"Union Built Men's 9"" Packer (M-BHS-DH3706-BRO-12-EE) [M-BHS-DH3706-BRO-12-EE]",barcode already used by another LS product
bd586bd1-98da-4a76-93e0-1821133c6039,749186509692,"Vengeance Men's 12"" Waterproof U Toe Work Western Boots (M-BHS-DH5427-NEU-13-D) [M-BHS-DH5427-NEU-13-D]",barcode already used by another LS product
78833852-98d8-456a-a96a-8b5fd165cf59,884882798626,Women's Chukka Driving Moc (W-GEN-WDM0162-SHI-6-M) [W-GEN-WDM0162-SHI-6-M],barcode already used by another LS product
2a4d7e34-079d-498f-9284-689aa2440fd8,193109785968,Women's Taupe-beige Python Embroidery Wide Square Toe Cowboy Boot - B5007 (W-COR-B5007-TAU-6-M) [W-COR-B5007-TAU-6-M],barcode already used by another LS product
98ad0f42-fc68-44b5-a91f-141ab95fa86c,701340176478,Work Gloves (M-ARI-H2111401-L-BLA-L) [M-ARI-H2111401-L-BLA-L],barcode already used by another LS product
5ff9089d-f4bc-4484-bf44-b4133554e11a,701340176454,Work Gloves (M-ARI-H2111401-S-BLA-S) [M-ARI-H2111401-S-BLA-S],barcode already used by another LS product
f55cfea4-8a7d-47c3-82a1-2d64a0034d1b,701340803831,Ariat Mens Cap Snap Back Red Patch Black (A-ARI-A300094401),barcode already used by another LS product
a00d0686-1445-4e88-811f-1a2ba593c5e3,889359652104,Ariat REAL Mid Rise Straight Jeans (W-ARI-10024300-DRE-32-S) [W-ARI-10024300-DRE-32-S],barcode already used by another LS product
c9be415b-5e46-43c0-b945-d465fefe1173,195696195502,Ariat REAL Perfect Rise Boot Cut (A-ARI-10041063-33-R) [A-ARI-10041063-33-R],barcode already used by another LS product
fb08bebf-9366-4313-b86f-cae79322f1a5,195696195434,Ariat REAL Perfect Rise Boot Cut (W-ARI-10041063-26-R) [W-ARI-10041063-26-R],barcode already used by another LS product
cb818713-e479-4f1a-98ec-c697250bf8b5,195696195335,Ariat REAL Perfect Rise Boot Cut (W-ARI-10041063-26-S) [W-ARI-10041063-26-S],barcode already used by another LS product
39e632fe-ba0a-498b-b1c1-bf24904dc42f,195696195458,Ariat REAL Perfect Rise Boot Cut (W-ARI-10041063-28-R) [W-ARI-10041063-28-R],barcode already used by another LS product
a3e5583f-7eb6-43e9-872f-06621ee0b5c7,195696195359,Ariat REAL Perfect Rise Boot Cut (W-ARI-10041063-28-S) [W-ARI-10041063-28-S],barcode already used by another LS product
d09fc98f-0d3f-4aa3-9359-18d4c82f8c8e,195696195465,Ariat REAL Perfect Rise Boot Cut (W-ARI-10041063-29-R) [W-ARI-10041063-29-R],barcode already used by another LS product
2ecc845e-2094-4d5b-b7a8-7c968fb91177,195696195786,Ariat REAL Perfect Rise Boot Cut (W-ARI-10041063-29-XL) [W-ARI-10041063-29-XL],barcode already used by another LS product
5fd412c5-9996-4ae9-8baf-b162d1101e4e,195696195632,Ariat REAL Perfect Rise Boot Cut (W-ARI-10041063-30-L) [W-ARI-10041063-30-L],barcode already used by another LS product
4d538caa-19d0-45ea-b707-705a3db8ea12,195696195373,Ariat REAL Perfect Rise Boot Cut (W-ARI-10041063-30-S) [W-ARI-10041063-30-S],barcode already used by another LS product
6e5c53b0-1b98-4502-a6ba-9a708955df25,195696195793,Ariat REAL Perfect Rise Boot Cut (W-ARI-10041063-30-XL) [W-ARI-10041063-30-XL],barcode already used by another LS product
79f8cf0d-ff71-47cf-b277-3841c57b47ac,195696195489,Ariat REAL Perfect Rise Boot Cut (W-ARI-10041063-31-R) [W-ARI-10041063-31-R],barcode already used by another LS product
aab473fc-14aa-41a1-bba6-620f464b78bf,195696195496,Ariat REAL Perfect Rise Boot Cut (W-ARI-10041063-32-R) [W-ARI-10041063-32-R],barcode already used by another LS product
a270d09f-53a0-4387-840a-1d8a184206c8,195696195397,Ariat REAL Perfect Rise Boot Cut (W-ARI-10041063-32-S) [W-ARI-10041063-32-S],barcode already used by another LS product
a63e4f1f-2047-4a5b-ba09-7a7d3ff20659,195696195816,Ariat REAL Perfect Rise Boot Cut (W-ARI-10041063-32-XL) [W-ARI-10041063-32-XL],barcode already used by another LS product
8b3c4b08-7bbb-481c-9994-46428cd4643d,195696195403,Ariat REAL Perfect Rise Boot Cut (W-ARI-10041063-33-S) [W-ARI-10041063-33-S],barcode already used by another LS product
a6543665-0a63-45bb-90b7-82fb2bf2dda1,195696195670,Ariat REAL Perfect Rise Boot Cut (W-ARI-10041063-34-L) [W-ARI-10041063-34-L],barcode already used by another LS product
91e9adf5-8863-47fb-a42c-2c6397507655,195696195410,Ariat REAL Perfect Rise Boot Cut (W-ARI-10041063-34-S) [W-ARI-10041063-34-S],barcode already used by another LS product
48340040-957d-4dca-a9b1-b52a6b3e5ed2,197318475535,Ariat Women's Hilo (W-ARI-10061342-SIL-6-B),barcode already used by another LS product
815760c9-8662-40c7-9a73-4b6fc015a879,889359861087,Fatbaby Saddle (W-ARI-10000860-RUS-9.5-C),barcode already used by another LS product
a92d9590-bbbe-437b-a6dc-8ff82d4bc441,197318906114,Homestyle LS Shirt (W-ARI-10073655-BOO-XXL),barcode already used by another LS product
b040eb2e-0078-4e1c-8a78-a3d40a1f472c,197318906077,Homestyle LS Shirt (W-ARI-10073655-BOO-XXL),barcode already used by another LS product
28fb289a-d03f-4300-b1ea-70ebcbc2a18a,197318906091,Homestyle LS Shirt (W-ARI-10073655-BOO-XXL),barcode already used by another LS product
fd809d1b-c043-428b-b290-924b31b51ae9,197318906107,Homestyle LS Shirt (W-ARI-10073655-BOO-XXL),barcode already used by another LS product
dcb2503d-9bd4-4ba7-8995-4cb698730a60,197318906121,Homestyle LS Shirt (W-ARI-10073655-BOO-XXL),barcode already used by another LS product
2889842f-18b2-4ac7-b016-6732eaa07889,197318906084,Homestyle LS Shirt (W-ARI-10073655-BOO-XXL),barcode already used by another LS product
8703d8a0-208d-444f-9fad-2a0c38304996,701340705173,Lil' Stompers (K-ARI-A442001702-FLO-00-NA) [K-ARI-A442001702-FLO-00-NA],barcode already used by another LS product
cea3ef78-5c9d-42cf-be1f-f41da23bccaa,884849671566,MNS SIERRA PUNCTURE RESISTANT ST RTH/BLK [M-ARI-10012948-9.5-EE],barcode already used by another LS product
5b5acd28-9673-4c41-b059-f1222857581d,095696431488,Rebar Cottonstrong American Outdr SS Tee (M-ARI-10043828-HEA-XXL-TALL) [M-ARI-10043828-HEA-XXL-TALL],barcode already used by another LS product
bd55a3ca-8622-4b1f-8590-55d998aea3f6,197318957789,Round Up Remuda (W-ARI-10074322-AGE-10-B),barcode already used by another LS product
e9714907-85f8-437c-ab81-17f2dd88ec4a,197318957918,Round Up Remuda (W-ARI-10074322-AGE-10-B),barcode already used by another LS product
7f86f623-cee6-4248-add6-13d99782926d,197318957840,Round Up Remuda (W-ARI-10074322-AGE-10-B),barcode already used by another LS product
a7a67e51-9be0-412c-b28d-480f1057d143,197318957826,Round Up Remuda (W-ARI-10074322-AGE-10-B),barcode already used by another LS product
ec6b533e-af97-4d12-8a3e-716baaaa7f71,197318957819,Round Up Remuda (W-ARI-10074322-AGE-10-B),barcode already used by another LS product
b2c5ca8c-8fa5-4cec-9f5d-452ffa709e34,197318957772,Round Up Remuda (W-ARI-10074322-AGE-10-B),barcode already used by another LS product
77e0fefd-f834-4cbe-9e6f-ae287735403a,197318957895,Round Up Remuda (W-ARI-10074322-AGE-10-B),barcode already used by another LS product
0ee5a865-7d69-4093-8668-ddb3c0e2ae39,197318957833,Round Up Remuda (W-ARI-10074322-AGE-10-B),barcode already used by another LS product
66b963fe-f77d-49f2-9233-b514f4fa4701,197318957932,Round Up Remuda (W-ARI-10074322-AGE-10-B),barcode already used by another LS product
fbb9f101-6e57-428c-9a97-1a15c4808b20,197318957796,Round Up Remuda (W-ARI-197318957796-AGE-8-B),barcode already used by another LS product
ff403725-115e-447c-ad62-0a2ddb26251f,197318491146,Selene Driving Moc (W-ARI-10061291-CHE-7-B),barcode already used by another LS product
b9436627-81ee-4a8a-a1ae-5fedd9030b7b,197318490903,Selene Driving Moc (W-ARI-10061294-CAR-7-B),barcode already used by another LS product
fe82f114-a39a-44eb-8ee7-5440f0c0a3fb,197318481482,Skylar (W-ARI-10061133-GRA-6.5-B),barcode already used by another LS product
a105e3a8-1dae-42c9-a859-ac3cd00efeb5,889359498139,Sport Patriot (M-ARI-10019959-AS-14-D),barcode already used by another LS product
659e29e2-b839-469d-8e8c-ebb94a0d65aa,197318286438,WMS BUCKEYE H2O STN BLK (W-ARI-10054317-SAT-5.5-B),barcode already used by another LS product
c75ba70f-d969-4fc5-91fa-62748b8b545a,197318195228,WMS BUCKEYE H2O WTHRD HNY (W-ARI-10053830-WEA-5.5-B),barcode already used by another LS product
d3da96f6-e8d8-4f9e-b1ba-e64f606728ce,192904726305,Women's Circuit Savanna (W-ARI-10035942-NAT-6.5-B),barcode already used by another LS product
2e50063b-3683-4607-859d-60c9678d6d56,192904083606,YTH TYCOON BEAR BLK (K-ARI-10029627-BEA-4-M),barcode already used by another LS product
752fe1e8-e613-4d20-a9c1-fe8306969804,193109643916,Corral LD Fuchsia Embroidered Ankle Boot (W-COR-Z5137-FUC-5.5-M) [W-COR-Z5137-FUC-5.5-M],barcode already used by another LS product
3348410a-e0d0-40b5-8d22-3cdc6f624519,193109505276,LD Brown Blue Fish Pararucu Embroidered Western Boots (W-COR-A4205-LB-9.5-M) [W-COR-A4205-LB-9.5-M],barcode already used by another LS product
6673edd3-9511-4603-ad84-c39c56df4052,193109502329,MEN'S EMBROIDERY COGNAC ALLIGATOR VAMP AND COUNTER RED WIDE SQUARE-TOE COWBOY BOOT - A4222 (M-COR-A4222-MR-12-EE) [M-COR-A4222-MR-12-EE],barcode already used by another LS product
6b51657c-b854-4acd-bcb0-df6abbcc84de,193109433487,MN Natural/Brown Python Embroid (M-COR-L5740-NAT-12-EE) [M-COR-L5740-NAT-12-EE],barcode already used by another LS product
600ee774-6f09-4296-99c5-0d0d57863ee2,193109785851,Women's Taupe-beige Python Embroidery Wide Square Toe Cowboy Boot - B5007 (W-COR-B5007-TAU-5.5-NA) [W-COR-B5007-TAU-5.5-NA],barcode already used by another LS product
ff2bf4ec-9bc2-4bfd-b851-c0656421e27f,193109786026,Women's Taupe-beige Python Embroidery Wide Square Toe Cowboy Boot - B5007 (W-COR-B5007-TAU-9-M) [W-COR-B5007-TAU-9-M],barcode already used by another LS product
b084f22d-374d-4a2e-8eb7-2bc2f76914d5,193109786033,Women's Taupe-beige Python Embroidery Wide Square Toe Cowboy Boot - B5007 (W-COR-B5007-TAU-9.5-M) [W-COR-B5007-TAU-9.5-M],barcode already used by another LS product
b69638da-cdfe-4c17-8941-6803690e3c3e,726363765287,Carolina Gruntz (M-BHS-CA3602-BRO-11.5-D) [M-BHS-CA3602-BRO-11.5-D],barcode already used by another LS product
fb1ee2e3-758d-4f49-9d48-0a7dc4ea8f68,726363765171,Carolina Gruntz (M-BHS-CA3602-BRO-11.5-EE) [M-BHS-CA3602-BRO-11.5-EE],barcode already used by another LS product
da9b27f2-4500-4d88-b658-09898a899cab,726363765294,Carolina Gruntz (M-BHS-CA3602-BRO-12-D) [M-BHS-CA3602-BRO-12-D],barcode already used by another LS product
6859af92-938d-4056-8038-f2ab874f8bcd,726363765188,Carolina Gruntz (M-BHS-CA3602-BRO-12-EE) [M-BHS-CA3602-BRO-12-EE],barcode already used by another LS product
0e9b3c44-20d8-4844-984b-cb8f49d0bf13,726363765300,Carolina Gruntz (M-BHS-CA3602-BRO-13-D) [M-BHS-CA3602-BRO-13-D],barcode already used by another LS product
501e523f-61b5-4324-84eb-0a11422defad,726363765195,Carolina Gruntz (M-BHS-CA3602-BRO-13-EE) [M-BHS-CA3602-BRO-13-EE],barcode already used by another LS product
5b246803-cd04-421d-9f6b-67f1bfe51bb9,726363765317,Carolina Gruntz (M-BHS-CA3602-BRO-14-D) [M-BHS-CA3602-BRO-14-D],barcode already used by another LS product
e70c8e54-0008-4b8e-86d8-b6c5bb0e08f4,726363765201,Carolina Gruntz (M-BHS-CA3602-BRO-14-EE) [M-BHS-CA3602-BRO-14-EE],barcode already used by another LS product
4010b533-731e-47d6-9110-4afe98bd2756,192584322880,Cinch Lynden Moderate Rise Slim Fit Trouser (W-MIN-MJ81454082-IND-31/11-S) [W-MIN-MJ81454082-IND-31/11-S],barcode already used by another LS product
c3788e20-5c94-4115-b8b9-e34e61aa39df,192584322811,Cinch Lynden Moderate Rise Slim Fit Trouser (W-MIN-MJ81454082-IND-35/19-R) [W-MIN-MJ81454082-IND-35/19-R],barcode already used by another LS product
1e77c792-a1c4-4485-9f46-355cbd4deebb,840184506284,Cowgirl Tuff Cheerful Jeans (W-CTU-JCHEER-40-32),barcode already used by another LS product
73d19ecc-d307-4e92-8485-4439ebe3dfd0,192584646160,MILA Moderate Rise Trouser jEAN (W-CRU-CB76953001-IND-33/15-R) [W-CRU-CB76953001-IND-33/15-R],barcode already used by another LS product
6ebddc21-a9ab-4b4c-aa10-bc1cb4c44fec,192584646986,MILA Moderate Rise Trouser jEAN (W-CRU-CB76953001-IND-35/19-L) [W-CRU-CB76953001-IND-35/19-L],barcode already used by another LS product
8541cd85-6221-47b5-93b6-a92b56b4f5e5,887520481119,Dan Post Boots (K-DPC-DPC5001-YR-4-NA) [K-DPC-DPC5001-YR-4-NA],barcode already used by another LS product
2ece40a8-dda7-4236-94c4-a8c733a07c42,887520481133,Dan Post Boots (K-DPC-DPC5001-YR-5-NA) [K-DPC-DPC5001-YR-5-NA],barcode already used by another LS product
229d1402-1077-43a3-90a6-f1c9b31dd511,887520481157,Dan Post Boots (K-DPC-DPC5001-YR-6-NA) [K-DPC-DPC5001-YR-6-NA],barcode already used by another LS product
5b0ab4bd-ac65-4341-873e-dae7a25ee68e,679145159975,Dan Post Boots (M-DPC-DP69482-SAD-16-D) [M-DPC-DP69482-SAD-16-D],barcode already used by another LS product
0f98b9cd-4292-460e-bbe3-a8e5c204cdfc,679145246699,Dan Post Boots (M-DPC-DP69482-TAN-15-D) [M-DPC-DP69482-TAN-15-D],barcode already used by another LS product
893a77fd-6c5c-42c9-ae41-86b37423dae8,679145159852,Dan Post Boots DP69402 (M-DPC-DP69402-SAD-16-D) [M-DPC-DP69402-SAD-16-D],barcode already used by another LS product
a926cabc-3e22-4d49-9700-aa8951f814e6,679145458054,Dan Post DP4558 (M-DPC-DP4558-16-D) [M-DPC-DP4558-16-D],barcode already used by another LS product
f93481f5-238f-4d6e-ac8e-bb3955636653,883802652512,Durango LIL' REBEL Kids Pull On Western Boot (M-RBR-DWBT053-5.5-M) [M-RBR-DWBT053-5.5-M],barcode already used by another LS product
3f98f774-6cc3-4d4e-87fa-66e1bd3b13a2,193715569266,"Georgia Boot Carbo-Tec FLX 11 "" Pull On Work Boot (A-RBR-GB00671-BRO-14-W) [A-RBR-GB00671-BRO-14-W]",barcode already used by another LS product
0647d05a-594f-4a23-aa78-e6db6ec908e8,193715569235,"Georgia Boot Carbo-Tec FLX 11 "" Pull On Work Boot (M-RBR-GB00671-BRO-11.5-W) [M-RBR-GB00671-BRO-11.5-W]",barcode already used by another LS product
499f8d00-5198-413d-be00-688a57d400bb,193715569112,"Georgia Boot Carbo-Tec FLX 11 "" Pull On Work Boot (M-RBR-GB00671-BRO-12-M) [M-RBR-GB00671-BRO-12-M]",barcode already used by another LS product
c9473ab9-9619-494b-90be-bbd0c3c57223,193715569242,"Georgia Boot Carbo-Tec FLX 11 "" Pull On Work Boot (M-RBR-GB00671-BRO-12-W) [M-RBR-GB00671-BRO-12-W]",barcode already used by another LS product
e5322848-93e9-4335-9cbd-5368cbb7b9d2,193715733599,Georgia Boot Carbo-Tec FLX Little Kids' Pull On Boot (K-RBR-GB00745C-13-M) [K-RBR-GB00745C-13-M],barcode already used by another LS product
6398fe2b-e818-4b8a-89fe-7b43027b1e96,193715621667,Georgia Boot CarboFLX Tec (M-RBR-GB00701-BRO-12-M) [M-RBR-GB00701-BRO-12-M],barcode already used by another LS product
ccc6c5ac-1df1-44d3-9c80-61ca3859c69c,193715565497,Georgia Boot Romeo Superlyte (K-RBR-GB00676Y-BRO-3.5-M) [K-RBR-GB00676Y-BRO-3.5-M],barcode already used by another LS product
97f63251-c486-41a6-a428-a158ed1ddea6,193715565534,Georgia Boot Romeo Superlyte (K-RBR-GB00676Y-BRO-5.5-M) [K-RBR-GB00676Y-BRO-5.5-M],barcode already used by another LS product
df6eacd2-2154-4cd4-96e3-b61091d9c135,193715565541,Georgia Boot Romeo Superlyte (K-RBR-GB00676Y-BRO-6-M) [K-RBR-GB00676Y-BRO-6-M],barcode already used by another LS product
42e99c80-7c9d-473c-b64c-0723c77e68fe,193715565558,Georgia Boot Romeo Superlyte (K-RBR-GB00676Y-BRO-6.5-M) [K-RBR-GB00676Y-BRO-6.5-M],barcode already used by another LS product
6d4394d8-a138-49e1-ac47-002df320e0b2,731871488153,Big News Black Cowhide Boots (M-BHS-FN7022-BLA-11.5-EE) [M-BHS-FN7022-BLA-11.5-EE],barcode already used by another LS product
70cc1281-2c6c-4d41-8b56-1de7919aeab5,731871443633,Braswell Black Water Buffalo Boots (M-BHS-RP3741-BLA-10-D) [M-BHS-RP3741-BLA-10-D],barcode already used by another LS product
acc5245b-2f16-46f1-9b64-da1eabab11f0,731871443749,Braswell Black Water Buffalo Boots (M-BHS-RP3741-BLA-10.5-EE) [M-BHS-RP3741-BLA-10.5-EE],barcode already used by another LS product
018d6be8-cfcc-4f75-a11e-83c76f11d67e,731871443664,Braswell Black Water Buffalo Boots (M-BHS-RP3741-BLA-11.5-D) [M-BHS-RP3741-BLA-11.5-D],barcode already used by another LS product
6a945df5-b943-4f6d-8be4-d903290ad317,731871443763,Braswell Black Water Buffalo Boots (M-BHS-RP3741-BLA-11.5-EE) [M-BHS-RP3741-BLA-11.5-EE],barcode already used by another LS product
cb92a0e6-22c5-4437-a8ca-9359afda667a,731871443671,Braswell Black Water Buffalo Boots (M-BHS-RP3741-BLA-12-D) [M-BHS-RP3741-BLA-12-D],barcode already used by another LS product
455385aa-7b3c-41f9-89d5-d66825750f22,731871456350,Buck Chestnut Cowhide Boots (M-BHS-1560-CHE-11.5-D) [M-BHS-1560-CHE-11.5-D],barcode already used by another LS product
d96d776c-6fc6-4541-8554-cd02ad585bfa,731871563089,CHISOLM (M-BHS-JE8170-11-D) [M-BHS-JE8170-11-D],barcode already used by another LS product
a8517ef8-6959-4c7b-8ac3-6725c8be246b,731871428975,Holland Tan Water Buffalo Women's Roper Toe Boots (W-BHS-RP3311-TAN-9-B) [W-BHS-RP3311-TAN-9-B],barcode already used by another LS product
83bfc846-8552-4ac8-b820-5bc77c165f1d,073111025958,Justin Jr Rodeo Wallet (K-BHS-2122481W6-BRO),barcode already used by another LS product
f50d10ec-8262-47e2-b67f-c2686d4fa215,731871832185,Kilgore Hickory Brown Water Buffalo Boots (M-BHS-SE7501-HIC-12-EE) [M-BHS-SE7501-HIC-12-EE],barcode already used by another LS product
96f1d209-90dc-49ca-97ef-12d80d73efa0,731871832208,Kilgore Hickory Brown Water Buffalo Boots (M-BHS-SE7501-HIC-14-EE) [M-BHS-SE7501-HIC-14-EE],barcode already used by another LS product
0d324dbd-ae29-4447-b6e2-d9bf1e4f4eb0,731871043468,Lillie Brown Cowhide Boots (W-BHS-GY9802-BRO-10-B) [W-BHS-GY9802-BRO-10-B],barcode already used by another LS product
b1dda2d7-4771-4b09-8ea0-60e39126f02a,731871424731,McKean Black Water Buffalo Boots (W-BHS-RP535-BLA-7-B) [W-BHS-RP535-BLA-7-B],barcode already used by another LS product
f2b1747b-e6e4-4ce7-8e78-b0b2340a42be,731871424779,McKean Black Water Buffalo Boots (W-BHS-RP535-BLA-9-B) [W-BHS-RP535-BLA-9-B],barcode already used by another LS product
665ec59c-7a2e-46cc-88e5-2ce4065e262b,731871342400,Oilpatch Tan Water Buffalo (M-BHS-WR4153-10-D) [M-BHS-WR4153-10-D],barcode already used by another LS product
f921d5e3-55cc-453e-b652-67e7b6a1b77a,731871345357,Oilpatch Tan Water Buffalo (M-BHS-WR4153-10-EE) [M-BHS-WR4153-10-EE],barcode already used by another LS product
e10ddfc6-f030-4831-bb14-61fc31a7173e,731871345364,Oilpatch Tan Water Buffalo (M-BHS-WR4153-TAN-10.5-EE) [M-BHS-WR4153-TAN-10.5-EE],barcode already used by another LS product
8e5edaee-5539-4378-b217-dc0aaa51ba28,731871342431,Oilpatch Tan Water Buffalo (M-BHS-WR4153-TAN-11.5-D) [M-BHS-WR4153-TAN-11.5-D],barcode already used by another LS product
0afe8067-f088-4ce4-95ad-b97870c18583,731871345388,Oilpatch Tan Water Buffalo (M-BHS-WR4153-TAN-11.5-EE) [M-BHS-WR4153-TAN-11.5-EE],barcode already used by another LS product
b20ce522-e763-4689-9787-ad8c3971fe3b,731871342448,Oilpatch Tan Water Buffalo (M-BHS-WR4153-TAN-12-D) [M-BHS-WR4153-TAN-12-D],barcode already used by another LS product
a622a718-92b0-4407-933a-3cad07a639a8,731871345395,Oilpatch Tan Water Buffalo (M-BHS-WR4153-TAN-12-EE) [M-BHS-WR4153-TAN-12-EE],barcode already used by another LS product
13a8be91-719a-4939-b68a-412aeea7511e,731871342462,Oilpatch Tan Water Buffalo (M-BHS-WR4153-TAN-14-D) [M-BHS-WR4153-TAN-14-D],barcode already used by another LS product
e44b1d06-0a9d-4e02-b08b-f638562e86e7,731871345418,Oilpatch Tan Water Buffalo (M-BHS-WR4153-TAN-14-EE) [M-BHS-WR4153-TAN-14-EE],barcode already used by another LS product
251496ab-c3b5-4ce2-86b7-0a5b2209917e,731871324581,Oilpatch Tan Water Buffalo (M-BHS-WR4153-TAN-7.5-D) [M-BHS-WR4153-TAN-7.5-D],barcode already used by another LS product
1ba95288-19b3-4861-bc2d-8c207b0f644b,731871324598,Oilpatch Tan Water Buffalo (M-BHS-WR4153-TAN-8-D) [M-BHS-WR4153-TAN-8-D],barcode already used by another LS product
f6b52635-ceda-402d-ae43-13b6efa49cb5,731871324604,Oilpatch Tan Water Buffalo (M-BHS-WR4153-TAN-8.5-D) [M-BHS-WR4153-TAN-8.5-D],barcode already used by another LS product
a151b607-5ac5-4be5-a106-02ef10e8db5a,731871324611,Oilpatch Tan Water Buffalo (M-BHS-WR4153-TAN-9-D) [M-BHS-WR4153-TAN-9-D],barcode already used by another LS product
df131125-82a9-4bc7-adc2-c24ecc6b1e83,731871014741,Rustle Grizzly Brown Cowhide Boots (M-BHS-OL7335-CHE-11.5-EE) [M-BHS-OL7335-CHE-11.5-EE],barcode already used by another LS product
cc7ff826-2bd6-48f8-9bb9-aa5cccd07d2e,731871014598,Rustle Grizzly Brown Cowhide Boots (M-BHS-OL7335-CT-10.5-D) [M-BHS-OL7335-CT-10.5-D],barcode already used by another LS product
6cd83207-5541-476f-a74d-b0aae31076de,731871014611,Rustle Grizzly Brown Cowhide Boots (M-BHS-OL7335-CT-11.5-D) [M-BHS-OL7335-CT-11.5-D],barcode already used by another LS product
9d1cb923-9e29-4f2a-9b66-9b228695bc93,731871014628,Rustle Grizzly Brown Cowhide Boots (M-BHS-OL7335-CT-12-D) [M-BHS-OL7335-CT-12-D],barcode already used by another LS product
c77ff326-53fd-4124-8fb2-103a333f0e47,731871014758,Rustle Grizzly Brown Cowhide Boots (M-BHS-OL7335-CT-12-EE) [M-BHS-OL7335-CT-12-EE],barcode already used by another LS product
06e05f4c-10e0-43d8-bf13-945b9b6631e2,731871014635,Rustle Grizzly Brown Cowhide Boots (M-BHS-OL7335-CT-13-D) [M-BHS-OL7335-CT-13-D],barcode already used by another LS product
358137c5-e7c6-4fba-ae75-01f240ec6413,731871014642,Rustle Grizzly Brown Cowhide Boots (M-BHS-OL7335-CT-14-D) [M-BHS-OL7335-CT-14-D],barcode already used by another LS product
b02aa902-a177-4925-91f4-279d1ca8cd36,731871014567,Rustle Grizzly Brown Cowhide Boots (M-BHS-OL7335-CT-9-D) [M-BHS-OL7335-CT-9-D],barcode already used by another LS product
e9718fdf-dbd1-4818-84db-1a639c6e9671,731871394959,Tasha Brown Water Buffalo Boots (W-BHS-GY9991-BRO-11-B) [W-BHS-GY9991-BRO-11-B],barcode already used by another LS product
d6adcc1e-95c5-4fd0-8199-be49518ff7ea,731871394645,Tasha Brown Water Buffalo Boots (W-BHS-GY9991-BRO-7-B) [W-BHS-GY9991-BRO-7-B],barcode already used by another LS product
8df5efe8-143a-41e5-b6b7-34119f0ae58e,731871394928,Tasha Brown Water Buffalo Boots (W-BHS-GY9991-BRO-9-B) [W-BHS-GY9991-BRO-9-B],barcode already used by another LS product
78ca88f7-7d3d-4f4c-94ef-0cfb444ad3f4,731871394935,Tasha Brown Water Buffalo Boots (W-BHS-GY9991-BRO-9.5-B) [W-BHS-GY9991-BRO-9.5-B],barcode already used by another LS product
2ae16e37-fa79-456e-ab56-44d6ae7b05dd,731871021404,Taskmaker Brown Water Buffalo Boots (M-BHS-PD4072-BRO-7.5-D) [M-BHS-PD4072-BRO-7.5-D],barcode already used by another LS product
b75ce248-78c9-4d08-9c97-17fe74d115f6,887520514015,Men 12 Tan Silverdale Snip Boots (M-DPC-70017-TAN-8-D) [M-DPC-70017-TAN-8-D],barcode already used by another LS product
34648898-924f-4e90-a61b-dba89b22adce,701340536739,A73124 Hat [A-MFW-A73124-6.875-7-7/8],barcode already used by another LS product
cb0334a7-1498-42bc-8f84-e3195757633a,701340536791,A73124 [A-MFW-A73124-7.625-7-5/8],barcode already used by another LS product
0fa50455-8246-489a-a365-f1b1ec376ce0,701340770454,Ariat Youth Hat (K-MFW-A7330601-L-BLA-L) [K-MFW-A7330601-L-BLA-L],barcode already used by another LS product
fc8abcd5-1f68-42bd-903b-4d0cd06879ec,701340770461,Ariat Youth Hat (K-MFW-A7330601-M-M) [K-MFW-A7330601-M-M],barcode already used by another LS product
155fbca2-fa4a-4e49-bdc3-9e78d687a9ea,701340770478,Ariat Youth Hat (K-MFW-A7330601-XL-BLA-XL),barcode already used by another LS product
900d06eb-b16d-4e83-be0b-660d065c7d91,701340536784,Hat A73124 [A-MFW-A73124-7.5-7-1/2],barcode already used by another LS product
84949e0e-ee12-40e2-b46e-f7ef649124d1,701340526129,Twister Hat (A-MFW-T71621-7-7) [A-MFW-T71621-7-7],barcode already used by another LS product
f509343c-7011-48e7-8783-5b0e947acf1b,701340767386,Twister Hat (A-MFW-T75324286-7) [A-MFW-T75324286-7],barcode already used by another LS product
291de077-d599-4434-b33d-7615d8e86bb5,701340287167,Twister Hat T7101001 [A-MFW-T171001-7.125-BLA-7-1/8],barcode already used by another LS product
4a6898a4-0137-4ee9-a927-28381d67c54c,701340287181,Twister Hat T7101001 [A-MFW-T7101001-7.375-BLA-7-3/8],barcode already used by another LS product
45c00190-795b-4b2c-88c8-28730f611e59,701340789654,Twister Hat T73436 [A-MFW-T73436-7.25-7-1/4],barcode already used by another LS product
4ec60088-7878-407f-911b-55c447f6ee02,701340767393,Twister Hat T75324286 [A-MFW-T75324286-7.125-BLA-7-1/8],barcode already used by another LS product
dceb41c0-abaf-46a0-bf67-0082c388ee2f,701340526105,Twister Hat [A-MFW-T71621-6.75-6-3/4],barcode already used by another LS product
598303e1-e9c9-4ae9-b6cb-8fd7fa641418,701340526112,Twister Hat [A-MFW-T71621-6.875-6-7/8],barcode already used by another LS product
6223b26a-af99-4039-9e5b-be3f3d2b7243,701340526174,Twister Hat [A-MFW-T71621-7.625-7-5/8],barcode already used by another LS product
c6d88774-4f4f-419a-ab66-1b02b6ef5949,701340309739,Twister Youth Hat (A-MFW-T7100348-XL-XL) [A-MFW-T7100348-XL-XL],barcode already used by another LS product
9cfc3368-2501-4fea-987f-2511b4b550d5,701340155886,Twister Youth Hat (K-MFW-T7100348-L-L) [K-MFW-T7100348-L-L],barcode already used by another LS product
7839fde5-dae0-4468-b17f-8ef5147394d3,701340208193,Twister Youth Hat (K-MFW-T7102048-S-S) [K-MFW-T7102048-S-S],barcode already used by another LS product
c0187db8-44a1-4552-977c-73d974510f79,701340444577,Twister Youth Hat (K-MFW-T71318-L-WHI-L),barcode already used by another LS product
afa33d39-c46b-488a-9377-153fd8385041,701340444584,Twister Youth Hat (K-MFW-T71318-XL-WHI-XL),barcode already used by another LS product
fc39ea26-ad6d-4645-aed3-e88bd5b07f00,197815951075,Mens SS Polo Snap (M-WMA-TM51T08207-BLU-XS),barcode already used by another LS product
a5aa58f2-629b-4dca-8551-4798d526085f,197815951129,Mens SS Polo Snap (M-WMA-TM51T08207-BLU-XS),barcode already used by another LS product
7d20b4d2-3712-4937-a2fe-1c6aea0b56d7,197815951082,Mens SS Polo Snap (M-WMA-TM51T08207-BLU-XS),barcode already used by another LS product
e2ca0627-d20e-4680-a3be-a2b32be5fd31,197815951099,Mens SS Polo Snap (M-WMA-TM51T08207-BLU-XS),barcode already used by another LS product
a27234bd-2083-47dd-9422-7abd1c69d9a1,197815951105,Mens SS Polo Snap (M-WMA-TM51T08207-BLU-XS),barcode already used by another LS product
8a3e78a0-e444-4fb4-96c6-ea6460e674d3,197815951112,Mens SS Polo Snap (M-WMA-TM51T08207-BLU-XS),barcode already used by another LS product
3dd1bac8-7b1f-4705-946e-89c3d0b8fdef,197815951495,Mens SS Polo Snap (M-WMA-TM51T08217-NAV-S),barcode already used by another LS product
f76df140-667a-454c-b905-26563b09aec9,197815951457,Mens SS Polo Snap (M-WMA-TM51T08217-NAV-S),barcode already used by another LS product
d3cee2c2-b191-4a57-8de4-2f098d5eaedb,197815951488,Mens SS Polo Snap (M-WMA-TM51T08217-NAV-S),barcode already used by another LS product
2da706e9-4ecb-499b-aed1-8278a0f1fdd2,197815951464,Mens SS Polo Snap (M-WMA-TM51T08217-NAV-S),barcode already used by another LS product
56d64fcd-3a4b-43a7-a00d-87354a61eac1,197815951471,Mens SS Polo Snap (M-WMA-TM51T08217-NAV-S),barcode already used by another LS product
1361e67b-a51c-4ba1-bf01-c32ca1e06a57,196692557998,Leather Aztec Emb Boot (M-WMA-RRWD4HR1BS-MED-33-34) [M-WMA-RRWD4HR1BS-MED-33-34],barcode already used by another LS product
57c43d64-1803-48db-b362-12ccdd33eeeb,196692558117,Leather Aztec Emb Boot (M-WMA-RRWD4HR1BS-MED-33-36) [M-WMA-RRWD4HR1BS-MED-33-36],barcode already used by another LS product
4c55f858-07c6-4bf3-aa9b-278f782043d3,196692557875,Leather Aztec Emb Boot (W-WMA-RRWD4HR1BS-MED-33-32) [W-WMA-RRWD4HR1BS-MED-33-32],barcode already used by another LS product
d67ec542-b1c2-4e9c-a381-dc1907b0d980,197815944756,Mens LS 2Pkt Snap (M-WMA-RMN2S08249-MAR-XS),barcode already used by another LS product
39daf3ae-4327-4699-aecd-64ff8ccafb9a,197815944763,Mens LS 2Pkt Snap (M-WMA-RMN2S08249-MAR-XS),barcode already used by another LS product
7ed245ce-fe78-41f5-8ec4-6b99aea82020,197815944732,Mens LS 2Pkt Snap (M-WMA-RMN2S08249-MAR-XS),barcode already used by another LS product
574995f9-0f7e-4ca4-86b8-348c7d74ae16,197815944749,Mens LS 2Pkt Snap (M-WMA-RMN2S08249-MAR-XS),barcode already used by another LS product
9aaa3d52-fd84-4dbb-81dd-ba2d2630223c,740176318928,Riding Dark Vintage Bootcut (W-WMA-W7_9516-DAR-32-32),barcode already used by another LS product
e79db42c-a560-4a08-b32d-ad9916510afc,194648838603,Rock & Roll Denim Vintage '46 Double Barrel Jeans (M-WMA-RRMD0SRZS8-SMA-33-30) [M-WMA-RRMD0SRZS8-SMA-33-30],barcode already used by another LS product
5124bdbf-f951-4b7f-84f8-1af1af0b1d85,194648842181,Two Tone Raise Denim V PCT (M-WMA-RRMD0SRZSR-MED-29-36) [M-WMA-RRMD0SRZSR-MED-29-36],barcode already used by another LS product
27dd4bd0-122d-42c5-aeb6-e0e3b2b9b307,194648842013,Two Tone Raise Denim V PCT (M-WMA-RRMD0SRZSR-MED-44-32) [M-WMA-RRMD0SRZSR-MED-44-32],barcode already used by another LS product
329b14b3-d584-4cee-a727-81475f2c8abb,194648439220,Vintage '46 Double Barrel Straight Jeans (M-WMA-MVS9872-MED-35-30) [M-WMA-MVS9872-MED-35-30],barcode already used by another LS product
aacd687f-c9d5-4a70-87c3-1efd480933a2,196070562316,Corrina Grey Sandal (W-KAR-09-021-0607-3429-GRA-6-NA),barcode already used by another LS product
f2366f01-2164-455a-a5b5-3dc023740d0a,883383806717,Stetson Alder Hat (A-RHE-OSALDR-203005MO-WHE-M) [A-RHE-OSALDR-203005MO-WHE-M],barcode already used by another LS product
30ea0303-c130-41e9-a049-8c4e1f555c10,195556034484,Stetson Belgrade Hat (A-RHE-OSBLGD-343007S0-BLA-S) [A-RHE-OSBLGD-343007S0-BLA-S],barcode already used by another LS product
0cd41336-b60e-464d-ad72-30b799b99281,196070850109,Tin Haul Boots (W-KAR-14-021-0007-1550-6-NA),barcode already used by another LS product
7cc02979-5b88-4328-b430-c2a15aaf0d9c,745515493496,Plano Taupe Suede Boots (M-BHS-DR3051-TAU-12-D) [M-BHS-DR3051-TAU-12-D],barcode already used by another LS product
3e643a22-6410-4644-9aab-103d5907fa5b,884882967022,"11"" UltraLite X Work Boot (Nano toe) (M-TWX-MULN004-MD-11.5-EE) [M-TWX-MULN004-MD-11.5-EE]",barcode already used by another LS product
502243b4-2f77-439e-a15b-4ba309a5c1b0,884882756343,"11"" UltraLite X Work Boot (Nano toe) (M-TWX-MULN004-MD-14-EE) [M-TWX-MULN004-MD-14-EE]",barcode already used by another LS product
4ca534e2-ae68-494d-a66d-027c3a980741,884882694089,"12"" Western Work Boot (M-TWX-MXBW008-CP-14-EE) [M-TWX-MXBW008-CP-14-EE]",barcode already used by another LS product
32efea4d-3cd3-4058-9756-f07e4102ded1,884882828965,"12"" Western Work Boot (Nano toe) (M-TWX-MXBNWM1-HN-14-D) [M-TWX-MXBNWM1-HN-14-D]",barcode already used by another LS product
fbe018df-35bd-46fe-802c-681833918444,884882662460,"6"" Work Boot (Nano Toe) (A-TWX-MXCNW06-SHI-11.5-M) [A-TWX-MXCNW06-SHI-11.5-M]",barcode already used by another LS product
ccb8b7e3-24d9-4b23-a732-4d29476e35fb,884882662446,"6"" Work Boot (Nano Toe) (A-TWX-MXCNW06-SHI-11.5-W) [A-TWX-MXCNW06-SHI-11.5-W]",barcode already used by another LS product
3acf8ae6-99c3-41e5-a9a9-4170d94911de,884882672292,"6"" Work Boot (Nano Toe) (M-TWX-MXCNW06-SHI-10.5-W) [M-TWX-MXCNW06-SHI-10.5-W]",barcode already used by another LS product
6ed5ac7f-fc8f-41fe-91bb-c8b6756d7da2,884882672278,"6"" Work Boot (Nano Toe) (M-TWX-MXCNW06-SHI-11-M) [M-TWX-MXCNW06-SHI-11-M]",barcode already used by another LS product
a36651f7-462c-4291-bdf2-6ef975b195a4,884882662385,"6"" Work Boot (Nano Toe) (M-TWX-MXCNW06-SHI-13-M) [M-TWX-MXCNW06-SHI-13-M]",barcode already used by another LS product
daa4f064-eba5-4b45-9731-23957c1bd049,884882662361,"6"" Work Boot (Nano Toe) (M-TWX-MXCNW06-SHI-13-W) [M-TWX-MXCNW06-SHI-13-W]",barcode already used by another LS product
6190163d-79f8-430b-a202-65f1f462c3f9,884882662347,"6"" Work Boot (Nano Toe) (M-TWX-MXCNW06-SHI-14-M) [M-TWX-MXCNW06-SHI-14-M]",barcode already used by another LS product
d7e38c37-050f-4b5a-875a-a66820381c7e,884882662323,"6"" Work Boot (Nano Toe) (M-TWX-MXCNW06-SHI-14-W) [M-TWX-MXCNW06-SHI-14-W]",barcode already used by another LS product
18c13bd8-bf90-4a76-9c37-4ffc1ca227fd,884882665188,Chukka Driving Moc (K-TWX-YDM0051-BOM-1-NA) [K-TWX-YDM0051-BOM-1-NA],barcode already used by another LS product
2ca7d603-4739-491b-8eef-57efafe21fc5,884882664969,Chukka Driving Moc (K-TWX-YDM0051-BOM-11-M) [K-TWX-YDM0051-BOM-11-M],barcode already used by another LS product
202707d4-cbe3-4936-baa3-427ee0f20f24,884882664945,Chukka Driving Moc (K-TWX-YDM0051-BOM-11.5-M) [K-TWX-YDM0051-BOM-11.5-M],barcode already used by another LS product
99300d56-ca42-41c9-a350-11e20c4d18ea,884882664907,Chukka Driving Moc (K-TWX-YDM0051-BOM-12.5-NA) [K-TWX-YDM0051-BOM-12.5-NA],barcode already used by another LS product
b76e31ff-bc5f-4560-9691-83c8e7576394,884882664884,Chukka Driving Moc (K-TWX-YDM0051-BOM-13-M) [K-TWX-YDM0051-BOM-13-M],barcode already used by another LS product
19ed44c2-b799-449e-8e82-1fc349b4754e,884882664860,Chukka Driving Moc (K-TWX-YDM0051-BOM-13.5-M) [K-TWX-YDM0051-BOM-13.5-M],barcode already used by another LS product
97993210-0d4f-4d65-8c78-230a991d9d02,884882788368,Infant's Driving Moc (K-TWX-ICA0041-WHI-6-M) [K-TWX-ICA0041-WHI-6-M],barcode already used by another LS product
a56bfc72-f4b5-4603-82a1-9f168c0d9eb6,884882788320,Infant's Driving Moc (K-TWX-ICA0041-WHI-8-M) [K-TWX-ICA0041-WHI-8-M],barcode already used by another LS product
5b6e19c4-3899-46ab-86c5-5ac304017ae6,884882788306,Infant's Driving Moc (K-TWX-ICA0041-WHI-9-M) [K-TWX-ICA0041-WHI-9-M],barcode already used by another LS product
5c9434c7-afe4-4461-8710-5f91225e3268,884882626714,Kicks (W-TWX-WCA0085-WHE-6-M) [W-TWX-WCA0085-WHE-6-M],barcode already used by another LS product
d548d869-490c-46bb-b3a9-3873b761ca75,884882616920,Kicks (W-TWX-WCA0085-WHE-9.5-M) [W-TWX-WCA0085-WHE-9.5-M],barcode already used by another LS product
590b3f95-a8e3-4b8b-9fd1-17aee3eb7e69,884882868640,Kid's Chukka Driving Moc (K-TWX-YDM0056-CAR-1-NA) [K-TWX-YDM0056-CAR-1-NA],barcode already used by another LS product
8de71319-5f62-45b5-9d02-c10d71a28ce3,884882868428,Kid's Chukka Driving Moc (K-TWX-YDM0056-CAR-11-M) [K-TWX-YDM0056-CAR-11-M],barcode already used by another LS product
3beceae0-558c-4969-82cf-8ba233e40821,884882868404,Kid's Chukka Driving Moc (K-TWX-YDM0056-CAR-11.5-M) [K-TWX-YDM0056-CAR-11.5-M],barcode already used by another LS product
5e941e93-ba1d-4d46-aa6d-2e7c7411a16e,884882868381,Kid's Chukka Driving Moc (K-TWX-YDM0056-CAR-12-M) [K-TWX-YDM0056-CAR-12-M],barcode already used by another LS product
4ba7c52d-1b3c-41a3-9db6-37cb2ac2a235,884882868367,Kid's Chukka Driving Moc (K-TWX-YDM0056-CAR-12.5-M) [K-TWX-YDM0056-CAR-12.5-M],barcode already used by another LS product
2f1f96de-e73e-4efa-a366-9485f047ebcc,884882914569,Kid's Chukka Driving Moc (K-TWX-YDM0056-CAR-13-M) [K-TWX-YDM0056-CAR-13-M],barcode already used by another LS product
60e685bc-cf00-4f7b-9ce7-64675eac650b,884882868527,Kid's Chukka Driving Moc (K-TWX-YDM0056-CAR-4-M) [K-TWX-YDM0056-CAR-4-M],barcode already used by another LS product
fbc0c4d7-8aa9-4fb8-a05f-81842c787601,884882868503,Kid's Chukka Driving Moc (K-TWX-YDM0056-CAR-4.5-M) [K-TWX-YDM0056-CAR-4.5-M],barcode already used by another LS product
8efa0480-0feb-4edc-aead-63b012c928f3,884882868480,Kid's Chukka Driving Moc (K-TWX-YDM0056-CAR-5-M) [K-TWX-YDM0056-CAR-5-M],barcode already used by another LS product
af06255f-51f2-4c65-82bc-8e05a356cdcc,884882107046,"Men's ""The Original"" Chukka Driving Moc (M-TWX-MDM0003-BOM-10.5-W) [M-TWX-MDM0003-BOM-10.5-W]",barcode already used by another LS product
6de37d1c-368f-410e-9452-18a88632c00e,884882073006,"Men's ""The Original"" Chukka Driving Moc (M-TWX-MDM0003-BOM-11-M) [M-TWX-MDM0003-BOM-11-M]",barcode already used by another LS product
0742160f-16c6-4f46-858b-03d454932ced,884882151124,"Men's ""The Original"" Chukka Driving Moc (M-TWX-MDM0003-BOM-16-M)",barcode already used by another LS product
cbda0bc2-7b33-456b-9d59-e6741d6dca91,884882371355,"Men's 12"" Western Work Boot (M-TWX-MXBW002-SMO-9.5-D) [M-TWX-MXBW002-SMO-9.5-D]",barcode already used by another LS product
f209d1cc-a1bd-442d-a593-e0ffb0ae4a6f,884882163776,Men's All Around Boot K Toe (M-TWX-MABW001-WAT-11.5-M) [M-TWX-MABW001-WAT-11.5-M],barcode already used by another LS product
0f5b03e0-0b8a-4efb-8780-0c8a15ea81f6,884882163783,Men's All Around Boot K Toe (M-TWX-MABW001-WAT-12-M) [M-TWX-MABW001-WAT-12-M],barcode already used by another LS product
3d4a16ab-3ae6-4293-ad3c-76592a3b6a3f,884882336477,"Men's CellStretch Work Boots WS Toe (Alloy Toe) 12"" (M-TWX-MXBA001-BUR-10-D) [M-TWX-MXBA001-BUR-10-D]",barcode already used by another LS product
24c556fb-295c-4c61-aab3-2136d51f4105,884882608857,Men's Chukka Driving Moc (M-TWX-MDM0097-TAU-10.5-M) [M-TWX-MDM0097-TAU-10.5-M],barcode already used by another LS product
8cd05d98-4064-4a5c-90f4-74708c6b198b,884882215901,"Men's Hiker Boot D Toe 11"" (M-TWX-MHKB002-DIS-11-M) [M-TWX-MHKB002-DIS-11-M]",barcode already used by another LS product
722a8618-7e6a-4762-8ea0-15a6d2fe3342,884882258113,"Men's Ruff Stock WS Toe 14"" (M-TWX-MRS0056-AW-14-EE) [M-TWX-MRS0056-AW-14-EE]",barcode already used by another LS product
a9c1d2ed-e5c9-42ab-9d2b-813827bef21d,884882675989,"Twisted X 11"" Tech X Boot (A-TWX-WXTR009-DIS-5.5-B) [A-TWX-WXTR009-DIS-5.5-B]",barcode already used by another LS product
21c61d02-ac9f-4e5e-bb38-653e343fb791,884882620149,"Twisted X 11"" Tech X Boot (W-TWX-WXTR004-ROA-5.5-B) [W-TWX-WXTR004-ROA-5.5-B]",barcode already used by another LS product
bed62e87-1a33-46c5-b5e4-8c7de75aff44,884882619983,"Twisted X 11"" Tech X Boot (W-TWX-WXTR004-TOA-9.5-B) [W-TWX-WXTR004-TOA-9.5-B]",barcode already used by another LS product
49cfb5dd-3fbd-4aae-84ff-a8cb00d4e4e9,884882675965,"Twisted X 11"" Tech X Boot (W-TWX-WXTR009-DIS-6-B) [W-TWX-WXTR009-DIS-6-B]",barcode already used by another LS product
e82d9e3f-1f60-4adb-8c6f-aae4f3f735d0,884882788665,Twisted X Chukka Driving Moc (W-TWX-WDM0161-LIG-5.5-M) [W-TWX-WDM0161-LIG-5.5-M],barcode already used by another LS product
cafecbd6-f728-4d0d-ba5f-0d5df1590512,884882019813,Twisted X Kids Boots (K-TWX-YTH0017-CHO-3-M),barcode already used by another LS product
fe69d647-2bef-4109-9656-f6ee69b79c74,884882799012,Twisted X Kids Boots (K-TWX-YTH0017-CHO-3.5-M),barcode already used by another LS product
94a28153-4e50-4ec2-bde9-7db3f1ef5b4b,884882331168,Twisted X Shoes (W-TWX-WHYC009-LIG-5.5-M) [W-TWX-WHYC009-LIG-5.5-M],barcode already used by another LS product
d14a70e2-e446-4e70-bae7-4d2dee51cf51,884882331919,Twisted X Shoes (W-TWX-WHYC009-LIG-7-M) [W-TWX-WHYC009-LIG-7-M],barcode already used by another LS product
aad08ae0-6d8c-4797-b169-54ecd59ce010,884882094636,Twisted X Shoes YDM0001 (K-TWX-YDM0001-BOM-2-M) [K-TWX-YDM0001-BOM-2-M],barcode already used by another LS product
1ab5f3f8-680a-4f8e-bb49-df3dae35a8ae,884882895691,Twisted X Tech X Boot (A-TWX-WXTR001-5.5-NA) [A-TWX-WXTR001-5.5-NA],barcode already used by another LS product
e55d03ef-f8d4-4ec3-8b78-8a4fc86693d0,884882223418,Twisted X Women's Top Hand Western Boot (W-TWX-WTH0012-BOM-5.5-B) [W-TWX-WTH0012-BOM-5.5-B],barcode already used by another LS product
c219c855-295a-43f1-a203-0d42ef301b1c,884882223425,Twisted X Women's Top Hand Western Boot (W-TWX-WTH0012-BOM-6-B) [W-TWX-WTH0012-BOM-6-B],barcode already used by another LS product
852f6453-3b05-4382-82b1-9d2d3aaa8bfa,884882695185,"Women's 11"" Tech X Boot (W-TWX-WXTR013-CHO-5.5-B) [W-TWX-WXTR013-CHO-5.5-B]",barcode already used by another LS product
8e4e73ac-2b9d-4520-91ec-a9915b2e57ca,884882958969,"Women's 11"" Tech X Boot (W-TWX-WXTR014-HIC-9.5-B) [W-TWX-WXTR014-HIC-9.5-B]",barcode already used by another LS product
9b383c20-d65f-4196-8e60-70577e6b186a,884882800527,Women's Chukka Driving Moc (W-TWX-WDM0162-SHI-10-M) [W-TWX-WDM0162-SHI-10-M],barcode already used by another LS product
df0e6ddb-2f14-4900-afa2-63061da2ebbf,884882798640,Women's Chukka Driving Moc (W-TWX-WDM0162-SHI-5.5-M) [W-TWX-WDM0162-SHI-5.5-M],barcode already used by another LS product
e8b6825d-04f9-4538-860c-7f6e3cf245c3,884882800664,Women's Chukka Driving Moc (W-TWX-WDM0162-SHI-6.5-M) [W-TWX-WDM0162-SHI-6.5-M],barcode already used by another LS product
1cef4d0c-8b8d-49db-a4d5-47fc47751faf,884882800602,Women's Chukka Driving Moc (W-TWX-WDM0162-SHI-8-M) [W-TWX-WDM0162-SHI-8-M],barcode already used by another LS product
659e0562-bc2c-4360-9cb0-fd5cb35e9557,884882113542,Women's Driving Mocs (W-TWX-WDM0003-BOM-6.5-M) [W-TWX-WDM0003-BOM-6.5-M],barcode already used by another LS product
65a62403-1341-4e41-85b7-da59d095dbf9,884882113580,Women's Driving Mocs (W-TWX-WDM0003-BOM-8.5-M) [W-TWX-WDM0003-BOM-8.5-M],barcode already used by another LS product
242fff26-8a5e-4b4c-85b2-95c2b3e6b36e,884882113603,Women's Driving Mocs (W-TWX-WDM0003-BOM-9.5-M) [W-TWX-WDM0003-BOM-9.5-M],barcode already used by another LS product
c9ea0cd7-933f-4710-bf04-0fff0c39231d,884882205544,"Women's Ruff Stock WS Toe 13"" (W-TWX-WRS0025-OIL-5.5-B) [W-TWX-WRS0025-OIL-5.5-B]",barcode already used by another LS product
3825efe0-3f16-401d-8772-73806beb8721,884882644671,Women's Slip-On UltraLite X (W-TWX-WBX0006-CAS-5.5-M) [W-TWX-WBX0006-CAS-5.5-M],barcode already used by another LS product
0ee15109-5f3e-4dea-a1e2-10e5b80b3da9,884882991683,Work Chukka Driving Moc (Steel toe) (W-TWX-WDMXS01-PEC-10-M) [W-TWX-WDMXS01-PEC-10-M],barcode already used by another LS product
16278d14-86f9-4358-8448-8f521cbd6f35,884882991669,Work Chukka Driving Moc (Steel toe) (W-TWX-WDMXS01-PEC-11-M) [W-TWX-WDMXS01-PEC-11-M],barcode already used by another LS product
48688050-8450-431d-a49d-132e63662ece,884882991447,Work Chukka Driving Moc (Steel toe) (W-TWX-WDMXS01-PEC-11-W) [W-TWX-WDMXS01-PEC-11-W],barcode already used by another LS product
8b7dea5b-b347-4ee0-b9aa-cdad00d5c2f7,884882992352,Work Chukka Driving Moc (Steel toe) (W-TWX-WDMXS01-PEC-7.5-M) [W-TWX-WDMXS01-PEC-7.5-M],barcode already used by another LS product
31d5617a-0a8c-46a2-b152-005896f0f347,884882991560,Work Chukka Driving Moc (Steel toe) (W-TWX-WDMXS01-PEC-7.5-W) [W-TWX-WDMXS01-PEC-7.5-W],barcode already used by another LS product
d9397c20-2ca5-4999-aea5-2df77a246bc9,884882991546,Work Chukka Driving Moc (Steel toe) (W-TWX-WDMXS01-PEC-8-W) [W-TWX-WDMXS01-PEC-8-W],barcode already used by another LS product
5029a084-5ddb-4644-b800-80ca8b76c051,884882992314,Work Chukka Driving Moc (Steel toe) (W-TWX-WDMXS01-PEC-8.5-M) [W-TWX-WDMXS01-PEC-8.5-M],barcode already used by another LS product
36a33ee8-89a1-4cbf-b8c7-60be11feeb7f,884882991720,Work Chukka Driving Moc (Steel toe) (W-TWX-WDMXS01-PEC-9-M) [W-TWX-WDMXS01-PEC-9-M],barcode already used by another LS product
2b3f04e3-492c-4a3f-bc1d-d8ea68b3c75c,884882991508,Work Chukka Driving Moc (Steel toe) (W-TWX-WDMXS01-PEC-9-W) [W-TWX-WDMXS01-PEC-9-W],barcode already used by another LS product
2f9af675-f146-47ed-879e-08c7a50e4a5b,884882991485,Work Chukka Driving Moc (Steel toe) (W-TWX-WDMXS01-PEC-9.5-W) [W-TWX-WDMXS01-PEC-9.5-W],barcode already used by another LS product
c03405b4-123e-43d7-83ab-d4e06d22ac3b,701340272163,Arrow Hat Rack [A-MFW-01060-BLA-3-Hats],barcode already used by another LS product
6e771cfe-a096-41ce-82ee-da2257854c13,196458711282,Women's Wrangler® Willie Nelson Oversized Band Tee,barcode already used by another LS product
148d1ae2-8dea-41f5-98b8-4fbfa26d74e9,191057373220,Wrangler 20X Competition Jeans (M-KON-1001MCWAB-32-34) [M-KON-1001MCWAB-32-34],barcode already used by another LS product
ba299698-2313-4b1e-a42e-fa6133e7466d,191056856502,Wrangler 20X Vintage Boot (M-KON-1042MWXGG-28-30) [M-KON-1042MWXGG-28-30],barcode already used by another LS product
c5b28ac7-4797-4098-8164-0af22c7525b9,191056856526,Wrangler 20X Vintage Boot (M-KON-1042MWXGG-28-34) [M-KON-1042MWXGG-28-34],barcode already used by another LS product
da9830de-e103-45d4-a449-833fd712ef2d,191056856540,Wrangler 20X Vintage Boot (M-KON-1042MWXGG-29-30) [M-KON-1042MWXGG-29-30],barcode already used by another LS product
90ba5730-2758-43a0-8175-981b3c6e0942,191056856588,Wrangler 20X Vintage Boot (M-KON-1042MWXGG-30-30) [M-KON-1042MWXGG-30-30],barcode already used by another LS product
e411a48f-35d1-40a2-8ff8-3730c2cf1ba1,191056856632,Wrangler 20X Vintage Boot (M-KON-1042MWXGG-31-30) [M-KON-1042MWXGG-31-30],barcode already used by another LS product
b85b189a-c352-48af-bdaa-87cd7e72cecc,191056856687,Wrangler 20X Vintage Boot (M-KON-1042MWXGG-32-30) [M-KON-1042MWXGG-32-30],barcode already used by another LS product
ac6e4a03-db61-446e-9a2f-eb785d3bd2a9,191056856724,Wrangler 20X Vintage Boot (M-KON-1042MWXGG-32-38) [M-KON-1042MWXGG-32-38],barcode already used by another LS product
09f218c1-3e20-4db0-8e83-aad1a908427f,191056856748,Wrangler 20X Vintage Boot (M-KON-1042MWXGG-33-32) [M-KON-1042MWXGG-33-32],barcode already used by another LS product
a2822a47-6f32-4ac7-9bde-3e70f5156ca8,191056856755,Wrangler 20X Vintage Boot (M-KON-1042MWXGG-33-34) [M-KON-1042MWXGG-33-34],barcode already used by another LS product
fe5b35b3-2575-4e66-a958-1384fc3eb17b,191056856816,Wrangler 20X Vintage Boot (M-KON-1042MWXGG-34-36) [M-KON-1042MWXGG-34-36],barcode already used by another LS product
9988cdaf-70e7-4e73-97a8-5479e600bbc6,191056856823,Wrangler 20X Vintage Boot (M-KON-1042MWXGG-34-38) [M-KON-1042MWXGG-34-38],barcode already used by another LS product
68b8f228-ba4b-4c76-b264-a43e89f4a7db,191056856830,Wrangler 20X Vintage Boot (M-KON-1042MWXGG-36-30) [M-KON-1042MWXGG-36-30],barcode already used by another LS product
d2a22250-a0b3-4cc0-a766-ff74d7332a7d,191056856847,Wrangler 20X Vintage Boot (M-KON-1042MWXGG-36-32) [M-KON-1042MWXGG-36-32],barcode already used by another LS product
f4a9506d-bb64-422a-81a1-7f4840775a24,191056856854,Wrangler 20X Vintage Boot (M-KON-1042MWXGG-36-34) [M-KON-1042MWXGG-36-34],barcode already used by another LS product
9029cd66-6aee-465f-ba08-ac97e28b9cf2,191056856878,Wrangler 20X Vintage Boot (M-KON-1042MWXGG-36-38) [M-KON-1042MWXGG-36-38],barcode already used by another LS product
c0499cdb-4b3e-4085-ac18-e35eb24622a4,191056856885,Wrangler 20X Vintage Boot (M-KON-1042MWXGG-38-30) [M-KON-1042MWXGG-38-30],barcode already used by another LS product
b2d02613-b146-4341-8d83-9ee8806e72bf,191056856564,Wrangler 20X Vintage Boot (M-KON-1042MWXGG-39-34) [M-KON-1042MWXGG-39-34],barcode already used by another LS product
cc57f080-605d-45c7-9270-bfbd39a2e647,191056856922,Wrangler 20X Vintage Boot (M-KON-1042MWXGG-40-32) [M-KON-1042MWXGG-40-32],barcode already used by another LS product
46bac511-a24a-4084-ab79-1619b4fad8fa,191056856946,Wrangler 20X Vintage Boot (M-KON-1042MWXGG-40-36) [M-KON-1042MWXGG-40-36],barcode already used by another LS product
3375a2bd-20b1-4473-85c4-b077442b174f,191056856960,Wrangler 20X Vintage Boot (M-KON-1042MWXGG-42-34) [M-KON-1042MWXGG-42-34],barcode already used by another LS product
8a95a6be-5914-4d0a-8827-f58c1a95d5ec,755107509788,Wrangler Apparel [K-KON-10PQ4165D-24-MO.],barcode already used by another LS product
dd13799b-3bd1-40ab-bb8f-bf454b56c132,196458988936,Wrangler Bespoke Trouser (W-KON-112367600-25-34) [W-KON-112367600-25-34],barcode already used by another LS product
42fe19e1-1bf5-456f-a724-7274e225fda4,196458989223,Wrangler Bespoke Trouser (W-KON-112367600-26-34) [W-KON-112367600-26-34],barcode already used by another LS product
febd1508-064e-408c-b36c-286965f02823,196458989605,Wrangler Bespoke Trouser (W-KON-112367600-27-34) [W-KON-112367600-27-34],barcode already used by another LS product
2279b6e9-952a-4654-82c7-c647fc1b9b00,196458989667,Wrangler Bespoke Trouser (W-KON-112367600-28-32) [W-KON-112367600-28-32],barcode already used by another LS product
b4e8e636-1bee-4991-99ed-d14d13746d52,196458989902,Wrangler Bespoke Trouser (W-KON-112367600-28-34) [W-KON-112367600-28-34],barcode already used by another LS product
5160da4e-1df3-4da4-b076-1d1dc46045dd,196458989957,Wrangler Bespoke Trouser (W-KON-112367600-29-32) [W-KON-112367600-29-32],barcode already used by another LS product
a6b718ff-3907-4b0c-b510-c2f8005d58ec,196458989971,Wrangler Bespoke Trouser (W-KON-112367600-29-34) [W-KON-112367600-29-34],barcode already used by another LS product
b30e2bb3-f3be-413c-8d4d-02e512068586,191057142284,Wrangler Bootcut Jeans (K-KON-1009MWGBB-12-R) [K-KON-1009MWGBB-12-R],barcode already used by another LS product
cbd0bef0-ccc6-4bbb-b900-cc202761510a,760609705583,Wrangler Cowboy Cut Jeans (A-KON-1074145PW-XXL) [A-KON-1074145PW-XXL],barcode already used by another LS product
bef7ed70-ba14-4787-8564-f049c365ec86,191056523336,Wrangler Jeans (K-KON-10PQJ113D-2T) [K-KON-10PQJ113D-2T],barcode already used by another LS product
e1c2596e-e0cc-4d81-924b-fe5e5fa6433d,191056523343,Wrangler Jeans (K-KON-10PQJ113D-3T) [K-KON-10PQJ113D-3T],barcode already used by another LS product
ed3ff709-e45a-4cbe-89f4-feb49d372f40,191056523350,Wrangler Jeans (K-KON-10PQJ113D-4T) [K-KON-10PQJ113D-4T],barcode already used by another LS product
52e632e6-4aaf-4edb-bffa-fe4bac7eb692,051071611862,Wrangler Original Fit Jeans (M-KON-1013MWZXS-40-40) [M-KON-1013MWZXS-40-40],barcode already used by another LS product
d42da6b1-e0f0-4d7b-8f33-8fe8f6e4eb64,051071611886,Wrangler Original Fit Jeans (M-KON-1013MWZXS-44-38) [M-KON-1013MWZXS-44-38],barcode already used by another LS product
4c9a8b7f-b301-4149-8241-0b29e747f497,191056434267,Wrangler Plaid Shirt (W-KON-10LW011FA-PNK-XXL) [W-KON-10LW011FA-PNK-XXL],barcode already used by another LS product
d81080d1-08da-496b-b42b-eb634a5f1144,191057142628,Wrangler Premium Patch Jeans (K-KON-09MWGBB-4-R) [K-KON-09MWGBB-4-R],barcode already used by another LS product
bfb82eb9-ee40-4096-bb56-9affc32da5cd,191057142642,Wrangler Premium Patch Jeans (M-KON-09MWGBB-5-R) [M-KON-09MWGBB-5-R],barcode already used by another LS product
1f472942-f190-4c14-a94b-b2c74041b76e,197150275836,Wrangler Retro Shirt (M-KON-112374998-PLA-L) [M-KON-112374998-PLA-L],barcode already used by another LS product
709127c8-14ae-4f0a-b882-e400e6f3f230,197150408746,Wrangler Retro Shirt (M-KON-112378801-MVR-S),barcode already used by another LS product
acf8d2c6-72e0-40fc-96cd-c0bf509bac1d,191683831972,Wrangler Retro Trouser Jean (W-KON-1011MPEPS-33-36) [W-KON-1011MPEPS-33-36],barcode already used by another LS product
85385c81-0292-4d61-ba03-2dbdeb3fedd9,197150443891,Wrangler Shirt (A-KON-112379217-BLU-XXS),barcode already used by another LS product
1e4abc43-d75b-4268-9aeb-a0e7a7c8be83,197150444171,Wrangler Shirt (A-KON-112379217-BLU-XXS),barcode already used by another LS product
8f451c2a-f978-476a-8367-cd771f8b0037,197150444140,Wrangler Shirt (A-KON-112379217-BLU-XXS),barcode already used by another LS product
c9db97db-30c6-4ff6-9095-001cd2b89375,197150444218,Wrangler Shirt (A-KON-112379217-BLU-XXS),barcode already used by another LS product
c98c530c-f974-4189-a3f1-5358a401928c,197150443839,Wrangler Shirt (A-KON-112379217-BLU-XXS),barcode already used by another LS product
735fc859-fa54-4221-be65-3710f3879707,197150444256,Wrangler Shirt (A-KON-112379217-BLU-XXS),barcode already used by another LS product
707eec0b-d0fb-432c-ba9b-de133a7196a4,196457389833,Wrangler Trouser Jean (K-KON-1009GWWDI-16-R) [K-KON-1009GWWDI-16-R],barcode already used by another LS product
9d9fd7f7-6667-4c3b-8b4f-63cae3fd4d9a,196457389857,Wrangler Trouser Jean (K-KON-1009GWWDI-18-R) [K-KON-1009GWWDI-18-R],barcode already used by another LS product
7224cac7-8d7b-47f5-979d-a46448e06bb8,191056856915,Wrangler Vintage Boot (M-KON-1042MVXGG-38-36) [M-KON-1042MVXGG-38-36],barcode already used by another LS product
7a12dd79-1e5b-426d-9198-b1ae70dcc990,051071639866,Wrangler Western Shirt (M-KON-1076201AA-XXL),barcode already used by another LS product
6812d127-ac7f-4aa3-88da-c0aef6c13f7e,051071355070,Wrangler Western Shirt (M-KON-1076932PP-RED-LT) [M-KON-1076932PP-RED-LT],barcode already used by another LS product
