style,orphan_sku,orphan_ls_id_being_deleted,source_pid,existing_sibling_skus,sibling_count,action_taken,review_note
MJB1454082,W-MIN-MJB1454082-IND-32/13-S,13cb2e94-d5f2-4f3e-afb4-adda69ebf766,885,MJB1454082-IND-32/13-Short,1,CREATE_STANDALONE,Sibling SKU(s) exist in LS — may belong to existing family. Review for manual merge.
MAV9907001,W-MIN-MAV9907001-MUL-MUL-XL,48b1e072-78b8-47b4-a43a-7c7c1afeb73d,965,MAV9907001-MUL-XL | MAV9907001-MUL-XXL | W-MIN-MAV9907001-MUL-MUL-XXL,3,CREATE_STANDALONE,Sibling SKU(s) exist in LS — may belong to existing family. Review for manual merge.
MAV9882007,W-MIN-MAV9882007-GRY-GRA-XXL,1f68b746-a0b8-434e-827a-94392865f048,979,MAV9882007-GRY-XXL,1,CREATE_STANDALONE,Sibling SKU(s) exist in LS — may belong to existing family. Review for manual merge.
MWV1591001,M-MIN-MWV1591001-CHR-XS,95680f0e-c9f2-4ff8-becb-06d7a0c4c74b,991,MWV1591001-CHR-XS | A-MIN-MWV1591001-XS,2,CREATE_STANDALONE,Sibling SKU(s) exist in LS — may belong to existing family. Review for manual merge.
MWV159205X,M-MIN-MWV159205X-GRY-GRA-4XL,470b9bd4-c385-4a49-bb33-2346fed07ff4,1013,MWV159205X-GRY-4XL | MWV159205X,2,CREATE_STANDALONE,Sibling SKU(s) exist in LS — may belong to existing family. Review for manual merge.
MWV159101X,M-MIN-MWV159101X-CHR-CHA-4XL,4c2450ff-9283-4631-aecf-80f1a6c6850c,1014,MWV159101X-CHR-4XL | M-MIN-MWV159101XCHR-CHR-4XL,2,CREATE_STANDALONE,Sibling SKU(s) exist in LS — may belong to existing family. Review for manual merge.
MWK51427X,M-MIN-MWK51427X-BRN-BRO-4XL,7697edae-8062-4152-8e05-c00874d15dac,1015,MWK51427X-BRN-4XL,1,CREATE_STANDALONE,Sibling SKU(s) exist in LS — may belong to existing family. Review for manual merge.
MTW1105972,M-MIN-MTW1105972-PUR-XS,7f4efdd0-74f8-42b0-a460-6655754b9188,1022,MTW1105972-PUR-S | MTW1105972-PUR-M | MTW1105972-PUR-L | MTW1105972-PUR-XL | MTW1105972,6,CREATE_STANDALONE,Sibling SKU(s) exist in LS — may belong to existing family. Review for manual merge.
MTW1106005,M-MIN-MTW1106005-GRY-GRA-XS,7d270931-6a69-4673-a5e8-8de8f9ad26a2,1025,MTW1106005-GRY-S | MTW1106005-GRY-M | MTW1106005-GRY-L | MTW1106005-GRY-XL | MTW1106005,6,CREATE_STANDALONE,Sibling SKU(s) exist in LS — may belong to existing family. Review for manual merge.
MTW1105922,M-MIN-MTW1105922-PUR-S,19a73758-9ae2-4326-9f27-f2ac6ad3e389,1041,MTW1105922-PUR-S | MTW1105922-PUR-M | MTW1105922-PUR-L | MTW1105922-PUR-XL | MTW1105922-PUR-XXL,6,CREATE_STANDALONE,Sibling SKU(s) exist in LS — may belong to existing family. Review for manual merge.
MWK151427X,M-MIN-MWK151427X-BRN-BRN-4XL,94b4c4da-f766-4a48-b3c6-1aa0d07eda83,1405,MWK151427X | M-MIN-MWK151427X-BRN-4XL,2,CREATE_STANDALONE,Sibling SKU(s) exist in LS — may belong to existing family. Review for manual merge.
MTT7672060,K-MIN-MTT7672060-BLK-BLA-6-12M,3ad7e691-5f95-4f21-a653-ca3928579dfc,1407,MTT7672060 | MTT7672060-BLK-6-12M | MTT7672060-BLK-12-18M,3,CREATE_STANDALONE,Sibling SKU(s) exist in LS — may belong to existing family. Review for manual merge.
MTW1105991,M-MIN-MTW1105991-RED-RED-XXL,ea7a65c3-d28b-4c21-ba5d-101b676faa54,1446,MTW1105991 | MTW1105991-RED-S | MTW1105991-RED-M | MTW1105991-RED-L | MTW1105991-RED-XL,6,CREATE_STANDALONE,Sibling SKU(s) exist in LS — may belong to existing family. Review for manual merge.
CWK7502001,W-CRU-CWK7502001-CRE-NA-S,1ccb5cc8-d2bb-4b84-8a05-147a2603160c,1490,CWK7502001 | W-CRU-CWK7502001-CRE-S | CWK7502001-CRE-M | CWK7502001-CRE-L | W-CRU-CWK7502001-CRE-XL,7,CREATE_STANDALONE,Sibling SKU(s) exist in LS — may belong to existing family. Review for manual merge.
MAK7908001,W-MIN-MAK7908001-GRY-GRA-L,4c3c9aa1-c1e4-43b7-a443-2aeeec2e9028,1501,MAK7908001 | MAK7908001-GRY-S | MAK7908001-GRY-M | W-Cinch-MAK7908001-GRY-L | MAK7908001-GRY-XL,6,CREATE_STANDALONE,Sibling SKU(s) exist in LS — may belong to existing family. Review for manual merge.
MTW7060379,K-MIN-MTW7060379-PUR-PUR-XXL,807e0805-ec05-4ce1-b380-23ed638af1eb,1518,MTW7060379 | MTW7060379-PUR-S/6-8 | MTW7060379-PUR-M/10 | MTW7060379-PUR-L/12 | MTW7060379-PUR-XL/14,6,CREATE_STANDALONE,Sibling SKU(s) exist in LS — may belong to existing family. Review for manual merge.
CTW3370009,K-CRU-CTW3370009-PUR-PUR-XS/4-5,97e5466f-85d0-4d60-a94f-3def379b47b9,1528,G-MIN-CTW3370009-PUR-XS | CTW3370009-PUR-M/8 | CTW3370009-PUR-XXL/14-16 | CTW3370009-PUR-S/6-7 | CTW3370009-PUR-XL/12,5,CREATE_STANDALONE,Sibling SKU(s) exist in LS — may belong to existing family. Review for manual merge.
CTW8040013,G-CRU-CTW8040013-PNK-PNK-S/6-7,b86b35d3-dcbf-4469-827c-6f28bd5b4002,1531,CTW8040013 | G-MIN-CTW8040013-PIN-S | CTW8040013-PNK-M/8 | CTW8040013-PNK-L/10 | CTW8040013-PNK-XL/12,6,CREATE_STANDALONE,Sibling SKU(s) exist in LS — may belong to existing family. Review for manual merge.
CTK8005001,K-CRU-CTK8005001-WHT-NA-XXL/14-16,73f8d3b6-96c1-44c8-adc6-58c830f7675b,1565,CTK8005001 | CTK8005001-WHT-S/6-7 | CTK8005001-WHT-M/8 | CTK8005001-WHT-L/10 | G-MIN-CTK8005001-WHI-XL/12,7,CREATE_STANDALONE,Sibling SKU(s) exist in LS — may belong to existing family. Review for manual merge.
30428166,A-RHE-30428166-NAT-6-3/4,c9c76298-695f-4575-849c-fbe64b0149c5,1683,SSWKFD-30428166 | RSCDTR-30428166 | RSDBCSN30428166 | RSSACL-30428166 | RSCYCK-30428166,58,CREATE_STANDALONE,Sibling SKU(s) exist in LS — may belong to existing family. Review for manual merge.
RWCORO-90420766,A-HBR-RWCORO-90420766-BLA-6-3/4,d38f0c1a-e759-430f-847a-db60d74d8d47,1702,RWCORO-90420766 | A-RHE-RWCORO-90420766-BLA-6-3/4,2,CREATE_STANDALONE,Sibling SKU(s) exist in LS — may belong to existing family. Review for manual merge.
RSHODRK8342M275,A-HBR-RSHODRK8342M275-BW-7-5/8,b89b5440-e8d6-41b4-973c-3ac9accb0d28,1710,RSHODRK8342M275,1,CREATE_STANDALONE,Sibling SKU(s) exist in LS — may belong to existing family. Review for manual merge.
RSHODRK8342M273,A-HBR-RSHODRK8342M273-BW-7-3/8,df6800e9-bee6-4539-8820-dc1832029e3f,1712,RSHODRK8342M273,1,CREATE_STANDALONE,Sibling SKU(s) exist in LS — may belong to existing family. Review for manual merge.
RSHODRK8342M271,A-HBR-RSHODRK8342M271-BW-7-1/8,0e9f4f0a-12d3-493f-8df9-365b6727e78a,1715,RSHODRK8342M271,1,CREATE_STANDALONE,Sibling SKU(s) exist in LS — may belong to existing family. Review for manual merge.
RSTHGD-CJ42M274,A-RHE-RSTHGD-CJ42M274-BW-7-1/2,19d74100-0f58-4707-bae6-eef5823d7023,1723,RSTHGD-CJ42M274 | A-GEN-RSTHGD-CJ42M274-BW-7-1/2,2,CREATE_STANDALONE,Sibling SKU(s) exist in LS — may belong to existing family. Review for manual merge.
MB58135009,M-MIN-MB58135009-MUL-S,bb77269a-af38-4e37-9a4a-426d4ec84f83,1768,M-Cinch-MB58135009-MUL-S,1,CREATE_STANDALONE,Sibling SKU(s) exist in LS — may belong to existing family. Review for manual merge.
936,M-KON-936-GBK-32-38,6d0ce683-8a9c-4b2c-869a-d97e7467d3f8,1912,61-9936-2-0 | 61-9936-7-0 | SR1936-33-16 | 52-936H-0-0 | 52-936LH-0-0,788,CREATE_STANDALONE,Sibling SKU(s) exist in LS — may belong to existing family. Review for manual merge.
MSK7910001,A-MIN-MSK7910001-GRY-GRA-S,d88b1417-7e85-40c0-8bce-78f1681c6909,2394,MSK7910001 | W-MIN-MSK7910001-GRY-S | MSK7910001-GRY-M | MSK7910001-GRY-L | MSK7910001-GRY-XL,6,CREATE_STANDALONE,Sibling SKU(s) exist in LS — may belong to existing family. Review for manual merge.
CTW7470002,W-CRU-CTW7470002-YEL-YEL-XL,f6d7a542-b4ca-487a-a060-15b669a526e7,2397,W-CRU-CTW7470002-YEL-XL,1,CREATE_STANDALONE,Sibling SKU(s) exist in LS — may belong to existing family. Review for manual merge.
CTW7474002,W-CRU-CTW7474002-BLK-BLA-XL,9e19f4a6-607a-4fbc-ba2b-5f2752c66e5e,2398,CTW7474002 | CTW7474002-BLK-S | CTW7474002-BLK-M | CTW7474002-BLK-L | W-MIN-CTW7474002-BLK-XL,6,CREATE_STANDALONE,Sibling SKU(s) exist in LS — may belong to existing family. Review for manual merge.
CTW7004004,W-CRU-CTW7004004-NAV-NAV-XXL,2b6e0a1f-e366-4dbb-86c2-50d9ba67a4e4,2475,W-MIN-CTW7004004-NAV-XXL,1,CREATE_STANDALONE,Sibling SKU(s) exist in LS — may belong to existing family. Review for manual merge.
MAK7906002,A-MIN-MAK7906002-GRY-GRA-XXL,518edd8b-4bfa-4560-9fc1-329646e44d71,2480,W-Cinch-MAK7906002-GRY-XXL- | W-MIN-MAK7906002-GRY-GRA-XXL,2,CREATE_STANDALONE,Sibling SKU(s) exist in LS — may belong to existing family. Review for manual merge.
MAK9819004,W-MIN-MAK9819004-LTB-LIG-XXL,31dfe12d-2f53-4ebc-a844-47cfb8439d47,2489,MAK9819004 | W-Cinch-MAK9819004-LTB-XXL,2,CREATE_STANDALONE,Sibling SKU(s) exist in LS — may belong to existing family. Review for manual merge.
CTK7508002,W-CRU-CTK7508002-LTB-LIG-XL,157cea8c-5919-4d45-8994-b12b218442f1,2518,CTK7508002 | W-CRU-CTK7508002-LTB-XL,2,CREATE_STANDALONE,Sibling SKU(s) exist in LS — may belong to existing family. Review for manual merge.
L70,A-GEN-L70-Chap-BLA-M,c24a07cd-41bb-43c6-af6a-67295c20073c,2525,SFEPTN-0140ML70 | TFPRSTB1024AL70 | RFMDMX-7242DL70 | SFEPTN-7540ML70 | SFEPTN-4840ML70,10,CREATE_STANDALONE,Sibling SKU(s) exist in LS — may belong to existing family. Review for manual merge.
3032,K-SMB-3032-Y-BLA-3.5-NA,25d432f7-9197-4030-b36d-7a6451e69983,2569,50-3032-14-0 | 50-3032-2-0 | 50-3032-10-0 | 50-3032-4-0 | 50-3032M-14-0,19,CREATE_STANDALONE,Sibling SKU(s) exist in LS — may belong to existing family. Review for manual merge.
3306,K-SMB-3306-Y-BV-4.5-NA,996607c8-3c99-449e-a773-91d961d7cdda,2606,SMB-3306C-BDVCL-9 | SMB-3306C-BDVCL-9.5 | SMB-3306C-BDVCL-10 | SMB-3306C-BDVCL-10.5 | SMB-3306C-BDVCL-11,30,CREATE_STANDALONE,Sibling SKU(s) exist in LS — may belong to existing family. Review for manual merge.
1,A-GEN-1-#1069,c3f640d6-6fab-4abe-8993-0b784dcf5ffc,2763,JK7376-D010 | JK7376-D130 | JK7376-D110 | JK7376-D120 | JK7376-D100,46701,CREATE_STANDALONE,Sibling SKU(s) exist in LS — may belong to existing family. Review for manual merge.
58-2451-2-0,A-JTI-58-2451-2-0-BLA-1-lb,9dcac738-fe99-4c80-8735-f9804ad59c62,2764,58-2451-2-0,1,CREATE_STANDALONE,Sibling SKU(s) exist in LS — may belong to existing family. Review for manual merge.
NDC,A-RVP-NDC-54943-825-32-1-QT,39dd58bc-5c52-410e-8e12-74861b3ca256,2785,L6116-5.5-SANDCOWHIDEEMBROIDERY- | L6116-06-SANDCOWHIDEEMBROIDERY- | L6116-6.5-SANDCOWHIDEEMBROIDERY- | L6116-07-SANDCOWHIDEEMBROIDERY- | L6116-7.5-SANDCOWHIDEEMBROIDERY-,15,CREATE_STANDALONE,Sibling SKU(s) exist in LS — may belong to existing family. Review for manual merge.
01084,A-MFW-01084-BLA-3-Hats,e189798e-3031-4e94-ac9e-d73b6d6570ff,2795,10010842,1,CREATE_STANDALONE,Sibling SKU(s) exist in LS — may belong to existing family. Review for manual merge.
1082,A-MFW-1082-BLA-3-Hats,d1c15ef4-0f80-4f3e-8998-e7d0110c46c3,2796,MWV108201X | MWV1082001-BLK-S | MWV1082001-BLK-M | MWV1082001-BLK-L | MWV1082001-BLK-XL,9,CREATE_STANDALONE,Sibling SKU(s) exist in LS — may belong to existing family. Review for manual merge.
01060,A-MFW-01060-BLA-3-Hats,d349e2e6-e44b-4b05-b68b-029db6d9b9b7,2797,01060,1,CREATE_STANDALONE,Sibling SKU(s) exist in LS — may belong to existing family. Review for manual merge.
368-BK,A-JMA-368-BK-BLA-800-ct,1c7f7ad5-8a05-444b-9377-ed6d185eee5c,2831,368-BK,1,CREATE_STANDALONE,Sibling SKU(s) exist in LS — may belong to existing family. Review for manual merge.
SE,M-BHS-SE-471-10.5-EE,98e6a25e-bcc4-4d88-8af6-1ac586847dc2,2882,SE7501-D070 | SE7501-EE095 | SE7501-D085 | SE7501-EE110 | SE7501-D095,1901,CREATE_STANDALONE,Sibling SKU(s) exist in LS — may belong to existing family. Review for manual merge.
XT,M-BHS-XT-5104-11.5-EE,e723cd49-5281-41cd-8012-c7ac663cdd23,2920,74256-Men-2XT- | 74265CD-Men-2XT- | 74265-Men-2XT- | WSTOTW-Men-2XT- | 3W701-Men-3XT-,1024,CREATE_STANDALONE,Sibling SKU(s) exist in LS — may belong to existing family. Review for manual merge.
DP,M-DPC-DP-3875-16-D,3006e142-d45a-40a6-a6f9-ebcf374eb0bc,2923,SMB-3122C-BDPP-9 | SMB-3122C-BDPP-9.5 | SMB-3122C-BDPP-10 | SMB-3122C-BDPP-10.5 | SMB-3122C-BDPP-11,3418,CREATE_STANDALONE,Sibling SKU(s) exist in LS — may belong to existing family. Review for manual merge.
PH5047,M-BHS-PH5047-NA-9-D-NA,69a002fa-6b58-4afc-9787-97489eeabc87,2932,PH5047-075D-9 | PH5047-095D-9 | PH5047-105D-9 | PH5047-1402E-9 | PH5047-1302E-9,28,CREATE_STANDALONE,Sibling SKU(s) exist in LS — may belong to existing family. Review for manual merge.
020-0904-3313,M-KAR-020-0904-3313-TA-11.5-EE,7bd0956d-57d0-40c9-aaaf-d62f0beafab2,2944,M-KAR-09-020-0904-3313-TA-MON-10.5-D | M-KAR-09-020-0904-3313-TA-MON-14-D | M-KAR-09-020-0904-3313-TA-TAN-11-EE | M-KAR-09-020-0904-3313-TA-TAN-11.5-D | M-KAR-09-020-0904-3313-TA-NA-9.5-EE,12,CREATE_STANDALONE,Sibling SKU(s) exist in LS — may belong to existing family. Review for manual merge.
BR,M-BHS-BR-7177-15-D,97d04e24-f0f0-47c9-a716-fe8d2208b55a,2964,BR738-D060 | BR738-EE110 | BR738-EE060 | BR738-D095 | BR738-D150,11375,CREATE_STANDALONE,Sibling SKU(s) exist in LS — may belong to existing family. Review for manual merge.
LN,W-BHS-LN-2340-8-B,b259aa76-64bf-4612-8dd7-4497383112d3,3070,MULN001-EE-07 | MULN001-D-10 | MULN001-D-13 | MULN001-D-08.5 | MULN001-D-09.5,463,CREATE_STANDALONE,Sibling SKU(s) exist in LS — may belong to existing family. Review for manual merge.
14-021-0007-1447,W-KAR-14-021-0007-1447-BL-6-NA,1bb402ac-14ba-420e-8986-d9e7e2658661,3110,14-021-0007-1447-BL-8.5 | W-KAR-14-021-0007-1447-B-8.5-NA,2,CREATE_STANDALONE,Sibling SKU(s) exist in LS — may belong to existing family. Review for manual merge.
14-119-0077-0905,K-KAR-14-119-0077-0905-BL-4-NA,561983ab-6557-4e7e-bb1d-cbce98bc3734,3231,14-119-0077-0905-BL-4,1,CREATE_STANDALONE,Sibling SKU(s) exist in LS — may belong to existing family. Review for manual merge.
MSW9163033,W-MIN-MSW9163033-NAV-NAV-M-NA,aadbe031-bc74-41e8-b3c4-92ee02d2a148,3734,MSW9163033 | MSW9163033-NAV-S | W-MIN-MSW9163033-NAV-M | MSW9163033-NAV-L | W-MIN-MSW9163033-NAV-XL,8,CREATE_STANDALONE,Sibling SKU(s) exist in LS — may belong to existing family. Review for manual merge.
MSW9164241,W-MIN-MSW9164241-COR-COR-XL,91d51e8a-56fe-43e1-bf73-be1ccc5459a9,3776,MSW9164241 | MSW9164241-COR-S | MSW9164241-COR-M | MSW9164241-COR-L | W-MIN-MSW9164241-COR-XL,6,CREATE_STANDALONE,Sibling SKU(s) exist in LS — may belong to existing family. Review for manual merge.
MSW9164218,W-MIN-MSW9164218-LTB-LT-XXL,78e46fc5-2775-4400-b79b-0064f51dcb84,3831,MSW9164218 | W-MIN-MSW9164218-LTB-XXL,2,CREATE_STANDALONE,Sibling SKU(s) exist in LS — may belong to existing family. Review for manual merge.
10012948,M-ARI-10012948-9.5-EE,102ae3ee-c5cb-4f1a-bf05-7378aa6b5d3c,3896,10012948,1,CREATE_STANDALONE,Sibling SKU(s) exist in LS — may belong to existing family. Review for manual merge.
RWPYWD-90425372,A-RHE-RWPYWD-90425372-GRA-7-1/4,c6dfeeda-eb0b-47a6-a3ac-46272f80f129,4113,RWPYWD-90425372,1,CREATE_STANDALONE,Sibling SKU(s) exist in LS — may belong to existing family. Review for manual merge.
RW9TRD-CJ420774,A-RHE-RW9TRD-CJ420774-BLA-7-1/2,d8d091b2-f00c-4b22-b11e-35f77310cb94,4135,RW9TRD-CJ420774,1,CREATE_STANDALONE,Sibling SKU(s) exist in LS — may belong to existing family. Review for manual merge.
RW9TRD-CJ424974,A-RHE-RW9TRD-CJ424974-GRN-7-1/2,11e2a9de-677c-4bb2-bef8-0474b1f0cb3f,4140,RW9TRD-CJ424974,1,CREATE_STANDALONE,Sibling SKU(s) exist in LS — may belong to existing family. Review for manual merge.
T7101047-6.875,A-MFW-T7101047-6.875-BRO-6-7/8,d8a8d3cc-2a76-4a30-94af-11a9104e247a,4167,T7101047-6.875,1,CREATE_STANDALONE,Sibling SKU(s) exist in LS — may belong to existing family. Review for manual merge.
T7101047-7.75,A-MFW-T7101047-7.75-7-3/4,dd0d9321-5051-4b58-bd14-53c921000cfe,4171,T7101047-7.75,1,CREATE_STANDALONE,Sibling SKU(s) exist in LS — may belong to existing family. Review for manual merge.
T7101001-6.75,A-MFW-T7101001-6.75-BLA-6-3/4,63e69971-631f-48f2-be5b-59da97b8cae8,4175,T7101001-6.75,1,CREATE_STANDALONE,Sibling SKU(s) exist in LS — may belong to existing family. Review for manual merge.
T7101001-7.25,A-MFW-T7101001-7.25-BLA-7-1/4,08f0cec8-e8d3-43cf-8493-1479c256fa25,4176,T7101001-7.25,1,CREATE_STANDALONE,Sibling SKU(s) exist in LS — may belong to existing family. Review for manual merge.
T7101001-7.625,A-MFW-T7101001-7.625-BLA-7-5/8,6b17db17-1dd0-43a8-81aa-6e3ae771be21,4179,T7101001-7.625,1,CREATE_STANDALONE,Sibling SKU(s) exist in LS — may belong to existing family. Review for manual merge.
T75324286-7.375,A-MFW-T75324286-7.375-GRA-7-3/8,e2d2a3f0-420c-439f-bc82-159ff7dee60d,4196,T75324286-7.375,1,CREATE_STANDALONE,Sibling SKU(s) exist in LS — may belong to existing family. Review for manual merge.
T71010277-6.5,A-MFW-T71010277-6.5-TAN-6-1/2,e334962e-bc86-4987-8166-2af64cecf7e6,4202,T71010277-6.5,1,CREATE_STANDALONE,Sibling SKU(s) exist in LS — may belong to existing family. Review for manual merge.
T71010277-7.25,A-MFW-T71010277-7.25-CRE-7-1/4,6f0b8c95-d639-4c10-83ad-9c3198daa47a,4207,T71010277-7.25,1,CREATE_STANDALONE,Sibling SKU(s) exist in LS — may belong to existing family. Review for manual merge.
T71010277-7.5,A-MFW-T71010277-7.5-CRE-7-1/2,c315d408-174b-43e3-b323-ef1013e00f5a,4209,T71010277-7.5,1,CREATE_STANDALONE,Sibling SKU(s) exist in LS — may belong to existing family. Review for manual merge.
T71010277-7.625,A-MFW-T71010277-7.625-CRE-7-5/8,ae2e8bff-8d83-4a33-bd2b-f78241a66551,4210,T71010277-7.625,1,CREATE_STANDALONE,Sibling SKU(s) exist in LS — may belong to existing family. Review for manual merge.
T71010149-6.875,A-MFW-T71010149-6.875-BEI-6-7/8,ebfb0262-fded-48d5-98be-f00f5232ce1d,4223,T71010149-6.875,1,CREATE_STANDALONE,Sibling SKU(s) exist in LS — may belong to existing family. Review for manual merge.
T71010149-7.625,A-MFW-T71010149-7.625-BEI-7-5/8,56f407b7-5e46-4017-abd5-d35d1df520d7,4228,T71010149-7.625,1,CREATE_STANDALONE,Sibling SKU(s) exist in LS — may belong to existing family. Review for manual merge.
T71010149-7.375,A-MFW-T71010149-7.375-BEI-7-3/8,de859e78-4e7d-452e-894a-1a23c58557f2,4229,T71010149-7.375,1,CREATE_STANDALONE,Sibling SKU(s) exist in LS — may belong to existing family. Review for manual merge.
T71010149-7.5,A-MFW-T71010149-7.5-BEI-7-1/2,94c96202-deed-45d5-b298-aba0d6988641,4230,T71010149-7.5,1,CREATE_STANDALONE,Sibling SKU(s) exist in LS — may belong to existing family. Review for manual merge.
T71010277-7.75,A-MFW-T71010277-7.75-BEI-7-3/4,860469f5-5947-4d51-b3ae-04566ec1c198,4234,T71010277-7.75,1,CREATE_STANDALONE,Sibling SKU(s) exist in LS — may belong to existing family. Review for manual merge.
T71010277-7.875,A-MFW-T71010277-7.875-BEI-7-7/8,cf522678-c97b-4af8-b208-1ae4fd15c177,4240,T71010277-7.875,1,CREATE_STANDALONE,Sibling SKU(s) exist in LS — may belong to existing family. Review for manual merge.
T71010149-7.875,A-MFW-T71010149-7.875-BEI-7-7/8,6df0cb8d-f0a0-40d6-8dc8-4d2cbf7525a0,4242,T71010149-7.875,1,CREATE_STANDALONE,Sibling SKU(s) exist in LS — may belong to existing family. Review for manual merge.
RFCTLM-7540B574,A-RHE-RFCTLM-7540B574-B5-7-1/2,590f7d0d-a12c-46a2-ab15-3dd6d19952c2,4280,RFCTLM-7540B574,1,CREATE_STANDALONE,Sibling SKU(s) exist in LS — may belong to existing family. Review for manual merge.
SFGUSS-50400774,A-RHE-SFGUSS-50400774-BLA-7-1/2,763f613e-84d1-4d97-bc32-d561b4307e13,4283,SFGUSS-50400774,1,CREATE_STANDALONE,Sibling SKU(s) exist in LS — may belong to existing family. Review for manual merge.
SFSKYL-75400766,A-RHE-SFSKYL-75400766-BLA-6-3/4,bfa2ea4b-1e0f-4e37-8fae-b99607d88527,4287,SFSKYL-75400766,1,CREATE_STANDALONE,Sibling SKU(s) exist in LS — may belong to existing family. Review for manual merge.
SFSKYL-75400773,A-RHE-SFSKYL-75400773-BLA-7-3/8,b7821f2c-6284-4db3-bd09-decc6990a4b9,4288,SFSKYL-75400773,1,CREATE_STANDALONE,Sibling SKU(s) exist in LS — may belong to existing family. Review for manual merge.
SFSKYL-75400767,A-RHE-SFSKYL-75400767-BLA-6-7/8,9bfb972d-f445-4ad9-85e4-075a51d1e3f6,4290,SFSKYL-75400767,1,CREATE_STANDALONE,Sibling SKU(s) exist in LS — may belong to existing family. Review for manual merge.
SFGUSS-50406173,A-RHE-SFGUSS-50406173-SIL-7-3/8,784bd478-5234-4162-9c3d-06053d451ef8,4291,SFGUSS-50406173,1,CREATE_STANDALONE,Sibling SKU(s) exist in LS — may belong to existing family. Review for manual merge.
SFGUSS-50400773,A-RHE-SFGUSS-50400773-BLA-7-3/8,05804bc2-83bb-4cf7-98c5-fbf98e50038e,4294,SFGUSS-50400773,1,CREATE_STANDALONE,Sibling SKU(s) exist in LS — may belong to existing family. Review for manual merge.
4145,A-RHE-4145-WHI-6-5/8,4e34eb0f-7325-4fb8-afd6-8e191a433c0d,4443,84145-Boys-M- | 84145-Boys-S- | 84145-Boys-XL- | 84145-Boys-XS- | 84145-Boys-L-,19,CREATE_STANDALONE,Sibling SKU(s) exist in LS — may belong to existing family. Review for manual merge.
RFACAC-RB42VT72,A-RHE-RFACAC-RB42VT72-VT-7-1/4,0267a9ee-04ff-4fdb-9ea5-c48dd75b0525,4444,RFACAC-RB42VT72,1,CREATE_STANDALONE,Sibling SKU(s) exist in LS — may belong to existing family. Review for manual merge.
MXX1001003,M-MIN-MXX1001003-AST-3.4-FL-OZ-/-100-ML,e771091c-48d0-445f-8521-5f3ae5e20e4b,4679,M-MIN-MXX1001003-DUA-3.4,1,CREATE_STANDALONE,Sibling SKU(s) exist in LS — may belong to existing family. Review for manual merge.
42BWX,M-KON-42BWX-2T-Reg-NA,626b9d35-3a51-4ef0-bc99-b84ad78e5561,4757,42BWX-Boys-10-REG | 42BWX-Boys-10-SLM | 42BWX-Boys-11-REG | 42BWX-Boys-11-SLM | 42BWX-Boys-12-HSK,81,CREATE_STANDALONE,Sibling SKU(s) exist in LS — may belong to existing family. Review for manual merge.
BRT20,K-KON-BRT20-2T-REG-NA,72e4b2fe-dc80-479d-889d-e1fe93ae6c59,4759,BRT20-Boys-10-REG | BRT20-Boys-10-SLM | BRT20-Boys-11-REG | BRT20-Boys-11-SLM | BRT20-Boys-12-HSK,55,CREATE_STANDALONE,Sibling SKU(s) exist in LS — may belong to existing family. Review for manual merge.
464893,K-JPC-464893-190455-NEU-06,74c8f680-0f70-40c8-8c9b-f9d1f34cca2c,4813,K-GEN-464893-TAN-6 | K-JPC-464893-NEU-6 | K-JPC-464893-NEU-10 | K-JPC-464893-NEU-12 | K-JPC-464893-NEU-14,7,CREATE_STANDALONE,Sibling SKU(s) exist in LS — may belong to existing family. Review for manual merge.
CHL,A-GEN-CHL-Thunder-6-7/8,a2c4591e-0179-4d95-8fef-c33dd2a3153f,4974,L6059-6.5-BRASS/YELLOWOSTRICHLEGEMBROIDERY-WIDE | L6059-07-BRASS/YELLOWOSTRICHLEGEMBROIDERY-WIDE | L6059-7.5-BRASS/YELLOWOSTRICHLEGEMBROIDERY-WIDE | L6059-08-BRASS/YELLOWOSTRICHLEGEMBROIDERY-WIDE | L6059-8.5-BRASS/YELLOWOSTRICHLEGEMBROIDERY-WIDE,49,CREATE_STANDALONE,Sibling SKU(s) exist in LS — may belong to existing family. Review for manual merge.
RSTHGD-CJ42M275,A-RHE-RSTHGD-CJ42M275-BW-7-5/8,812b766e-1a6d-40d0-a3af-7ed94174392c,4980,RSTHGD-CJ42M275 | A-GEN-RSTHGD-CJ42M275-BW-7-5/8,2,CREATE_STANDALONE,Sibling SKU(s) exist in LS — may belong to existing family. Review for manual merge.
RSBRWR,K-GEN-RSBRWR--30428166-NAT-6-3/4,24de5e3f-065f-403a-b17b-43e0c37e2371,5000,A-HBR-RSBRWR-30428166-NAT-634 | A-HBR-RSBRWR-30428174-NAT-7-1/2 | A-HBR-RSBRWR-30428175-NAT-7-5/8 | K-GEN-RSBRWR-30428166-NAT-6-3/4 | A-GEN-RSBRWR-30428174-NAT-7-1/2,6,CREATE_STANDALONE,Sibling SKU(s) exist in LS — may belong to existing family. Review for manual merge.
RSHAZE-30428166,A-RHE-RSHAZE-30428166-NAT-6-3/4,8fa8d09e-72dc-40ab-8abf-02dcf974077e,5005,RSHAZE-30428166,1,CREATE_STANDALONE,Sibling SKU(s) exist in LS — may belong to existing family. Review for manual merge.
24-810,K-JTI-24-810-BRO-Youth-1-x-48,1e5eae77-73cb-44e5-9276-3c2bfc95d1cc,5262,24-810-2-0 | 24-810-7-0,2,CREATE_STANDALONE,Sibling SKU(s) exist in LS — may belong to existing family. Review for manual merge.
MCC0660648,A-MIN-MCC0660648-BRN-BRN-OSFA,8fa8557b-0423-4432-b5dd-31f93f06cd82,5482,M-MIN-MCC0660648-BRN-OSFA,1,CREATE_STANDALONE,Sibling SKU(s) exist in LS — may belong to existing family. Review for manual merge.
CCC0041039,A-CRU-CCC0041039-BRN-BRN-OSFA,b5dfb5b1-3953-4137-91de-4a860c556489,5491,CCC0041039,1,CREATE_STANDALONE,Sibling SKU(s) exist in LS — may belong to existing family. Review for manual merge.
CCC0042036,K-CRU-CCC0042036-BRN-BRN,7e93a2ca-93f8-41b5-bded-202543f3c2ba,5502,CCC0042036,1,CREATE_STANDALONE,Sibling SKU(s) exist in LS — may belong to existing family. Review for manual merge.
7-10,A-JPC-7-10-Ex-Long-Tugs,b4675682-b063-488d-870c-152abcc8a347,5567,BG6PD07900-37-10 | PH5047-105D-9 | PH5047-100D-9 | PH5047-1052E-9 | 61-9997-10-0,326,CREATE_STANDALONE,Sibling SKU(s) exist in LS — may belong to existing family. Review for manual merge.
35-7035-DP,A-WLE-35-7035-DP-DAR-Med-Horse-or-Yearling-Draft-Horse,2efa0b0e-0242-44af-b7db-126f12c7bf41,5644,35-7035-DP,1,CREATE_STANDALONE,Sibling SKU(s) exist in LS — may belong to existing family. Review for manual merge.
35-1032-PU,A-WLE-35-1032-PU-PUR-Weanling-Horse,bb56435b-8149-4664-9670-e7a16c1392ed,5674,35-1032-PU,1,CREATE_STANDALONE,Sibling SKU(s) exist in LS — may belong to existing family. Review for manual merge.
35-1032-HB,A-WLE-35-1032-HB-HUR-Weanling-Horse,36509d82-8254-49b9-b469-8a47be1ff147,5675,35-1032-HB,1,CREATE_STANDALONE,Sibling SKU(s) exist in LS — may belong to existing family. Review for manual merge.
35-1032-RD,A-WLE-35-1032-RD-RED-Weanling-Horse,6ddeca2b-e7de-4d5e-abba-a2b12dca95bb,5676,35-1032-RD,1,CREATE_STANDALONE,Sibling SKU(s) exist in LS — may belong to existing family. Review for manual merge.
35-1032-BL,A-WLE-35-1032-BL-BLU-Weanling-Horse,61d59906-247b-4dac-9b44-1398423a2e5b,5677,35-1032-BL,1,CREATE_STANDALONE,Sibling SKU(s) exist in LS — may belong to existing family. Review for manual merge.
CSCMCEB3041BB66,A-GEN-CSCMCEB3041BB66-BUR-6-3/4,1f8d4cd4-3541-4d29-91b6-22b1153f3876,5704,CSCMCEB3041BB66,1,CREATE_STANDALONE,Sibling SKU(s) exist in LS — may belong to existing family. Review for manual merge.
CSCMCEB3041BB73,A-GEN-CSCMCEB3041BB73-BUR-7-3/8,4205b47f-8feb-4505-b4fa-d35305806897,5705,CSCMCEB3041BB73,1,CREATE_STANDALONE,Sibling SKU(s) exist in LS — may belong to existing family. Review for manual merge.
CSCMCEB3041BB74,A-GEN-CSCMCEB3041BB74-BUR-7-1/2,3bba709f-76b7-4f89-bbd4-9e5f90407e91,5706,CSCMCEB3041BB74,1,CREATE_STANDALONE,Sibling SKU(s) exist in LS — may belong to existing family. Review for manual merge.
OSALDR,A-RHE-OSALDR---203005M0-WHE-M,ae9f16f1-a1cf-4365-8ded-fd3ecd6adc9d,5709,OSALDR-203005L0 | OSALDR-203005M0 | OSALDR-203005XL | OSALDR-203005S0 | A-RHE-OSALDR-203005MO-WHE-M,5,CREATE_STANDALONE,Sibling SKU(s) exist in LS — may belong to existing family. Review for manual merge.
T71621-7.5,A-MFW-T71621-7.5-7-1/2,08128dd5-4ea7-4037-ac77-1deb03aed1e0,5726,T71621-7.5,1,CREATE_STANDALONE,Sibling SKU(s) exist in LS — may belong to existing family. Review for manual merge.
T73436-6.75,A-MFW-T73436-6.75-6-3/4,7da93aeb-1ccc-4e1d-84fe-d904d1a4d300,5729,T73436-6.75,1,CREATE_STANDALONE,Sibling SKU(s) exist in LS — may belong to existing family. Review for manual merge.
T73436-6.875,A-MFW-T73436-6.875-6-7/8,30af0ea2-b2fd-4f01-8649-66a6b3fdca9c,5730,T73436-6.875,1,CREATE_STANDALONE,Sibling SKU(s) exist in LS — may belong to existing family. Review for manual merge.
T73436-7.5,A-MFW-T73436-7.5-7-1/2,04a303e3-2786-4196-a1c8-1af6716d3df8,5735,T73436-7.5,1,CREATE_STANDALONE,Sibling SKU(s) exist in LS — may belong to existing family. Review for manual merge.
T73436-7.625,A-MFW-T73436-7.625-7-5/8,37abbba7-3cec-45f6-943b-d59ee9e2607b,5736,T73436-7.625,1,CREATE_STANDALONE,Sibling SKU(s) exist in LS — may belong to existing family. Review for manual merge.
RSCOJO,A-GEN-RSCOJO---CJ429666-NT-6-3/4,2f225d6c-c953-4c71-9384-ad8eefda7e12,5743,RSCOJO-CJ429671 | RSCOJO-CJ420572 | RSCOJO-CJ420576 | RSCOJO-CJ420574 | RSCOJO-CJ420566,25,CREATE_STANDALONE,Sibling SKU(s) exist in LS — may belong to existing family. Review for manual merge.
RSCOJO-CJ429667,A-GEN-RSCOJO-CJ429667-NT-6-7/8,868a6361-dc7c-4d3c-969b-8b8f1b45fbec,5746,RSCOJO-CJ429667,1,CREATE_STANDALONE,Sibling SKU(s) exist in LS — may belong to existing family. Review for manual merge.
T7101001-7.125,A-MFW-T7101001-7.125-BLA-7-1/8,b34be4ce-e7cd-48a1-956c-385538af8570,5779,T7101001-7.125,1,CREATE_STANDALONE,Sibling SKU(s) exist in LS — may belong to existing family. Review for manual merge.
T7101001-7.375,A-MFW-T7101001-7.375-BLA-7-3/8,9b47a381-2497-42d4-b3b7-36531be8b304,5780,T7101001-7.375,1,CREATE_STANDALONE,Sibling SKU(s) exist in LS — may belong to existing family. Review for manual merge.
T75324286-7.125,A-MFW-T75324286-7.125-BLA-7-1/8,0da6fea8-74af-4716-bb84-1ebb8c8d6c84,5784,T75324286-7.125,1,CREATE_STANDALONE,Sibling SKU(s) exist in LS — may belong to existing family. Review for manual merge.
T73436-7.25,A-MFW-T73436-7.25-7-1/4,b3a922f4-f66b-4f93-9ea3-6ca7acdbb026,5798,T73436-7.25,1,CREATE_STANDALONE,Sibling SKU(s) exist in LS — may belong to existing family. Review for manual merge.
A73124-7.625,A-MFW-A73124-7.625-7-5/8,e9970eb3-3504-4bff-8520-968fb5227930,5832,A73124-7.625,1,CREATE_STANDALONE,Sibling SKU(s) exist in LS — may belong to existing family. Review for manual merge.
A73124-7.5,A-MFW-A73124-7.5-7-1/2,48266175-181d-4aea-b11a-fe95cef0e112,5833,A73124-7.5,1,CREATE_STANDALONE,Sibling SKU(s) exist in LS — may belong to existing family. Review for manual merge.
A73124-6.875,A-MFW-A73124-6.875-7-7/8,afbcfc91-67d6-40e8-a241-21c189e25685,5841,A73124-6.875,1,CREATE_STANDALONE,Sibling SKU(s) exist in LS — may belong to existing family. Review for manual merge.
A73148-7,A-MFW-A73148-7-125-7-1/8,088b38cb-6777-4f42-89ac-c6922d2f923b,5846,A-MFW-A73148-7-7 | A-MFW-A73148-7.25-7-1/4 | A-GEN-A73148-7.375-7-3/8 | A-MFW-A73148-7.625-7-5/8 | A-MFW-A73148-7.5-7-1/2,7,CREATE_STANDALONE,Sibling SKU(s) exist in LS — may belong to existing family. Review for manual merge.
T71621-7.625,A-MFW-T71621-7.625-7-5/8,d9e2de4e-224d-48a6-b17f-a0c390ec2cea,5850,T71621-7.625,1,CREATE_STANDALONE,Sibling SKU(s) exist in LS — may belong to existing family. Review for manual merge.
T71621-6.75,A-MFW-T71621-6.75-6-3/4,a170d8aa-b260-4b8b-9a7b-6d80f80aa1ba,5856,T71621-6.75,1,CREATE_STANDALONE,Sibling SKU(s) exist in LS — may belong to existing family. Review for manual merge.
T71621-6.875,A-MFW-T71621-6.875-6-7/8,2d685b6d-a8df-448f-8921-bc80a711ae83,5877,T71621-6.875,1,CREATE_STANDALONE,Sibling SKU(s) exist in LS — may belong to existing family. Review for manual merge.
RSCOJO-CJ429676,A-GEN-RSCOJO-CJ429676-NT-7-3/4,5880db9d-1011-4199-ae5d-7fecb4d68950,5879,RSCOJO-CJ429676,1,CREATE_STANDALONE,Sibling SKU(s) exist in LS — may belong to existing family. Review for manual merge.
RSCOJO-CJ429674,A-GEN-RSCOJO-CJ429674-NT-7-1/2,de8f695f-c954-43a4-b528-7c779fca5131,5880,RSCOJO-CJ429674,1,CREATE_STANDALONE,Sibling SKU(s) exist in LS — may belong to existing family. Review for manual merge.
RSCOJO-CJ429675,A-RHE-RSCOJO-CJ429675-NT-7-5/8,e5887637-dc93-4310-b6fc-61d9efd6dfec,5881,RSCOJO-CJ429675,1,CREATE_STANDALONE,Sibling SKU(s) exist in LS — may belong to existing family. Review for manual merge.
3164,K-SMB-3164-C-PB-10-NA,fcb19609-55d4-4267-ad0a-d551e13f0645,5951,SMB/3164C/PPGBD/10 | K-SMB-3164C-PB-10-NA,2,CREATE_STANDALONE,Sibling SKU(s) exist in LS — may belong to existing family. Review for manual merge.
3310,K-SMB-3310-C-BP-9.5-NA,168f4e74-d4d0-4fba-aac3-a4f38591955c,5967,243310-0-0 | K-GEN-F530043310X4TD-BEI-4T | K-SMB-3310C-BP-9.5-NA,3,CREATE_STANDALONE,Sibling SKU(s) exist in LS — may belong to existing family. Review for manual merge.
A300081601,K-MFW-A300081601-BG-Youth-OS,ec34c53a-8fac-4ddf-b48a-29b254ff78ed,6005,A300081601,1,CREATE_STANDALONE,Sibling SKU(s) exist in LS — may belong to existing family. Review for manual merge.
A300081706,K-MFW-A300081706-GW-Youth-OS,35df0925-c858-4488-9427-24f0e354024d,6006,A300081706,1,CREATE_STANDALONE,Sibling SKU(s) exist in LS — may belong to existing family. Review for manual merge.
MCC0606038,A-MIN-MCC0606038-MUL-GW-OSFA,ecbc82c9-ca05-402b-91f1-fe817beb9159,6007,B-MIN-MCC0606038-MUL-OSFA,1,CREATE_STANDALONE,Sibling SKU(s) exist in LS — may belong to existing family. Review for manual merge.
CXX7207028,A-CRU-CXX7207028-GRN-GRN-OSFA,76a037ef-ac03-41bd-9ae2-da3a7ee431d7,6009,W-CRU-CXX7207028-GRN-OSFA,1,CREATE_STANDALONE,Sibling SKU(s) exist in LS — may belong to existing family. Review for manual merge.
MTW7061390,K-MIN-MTW7061390-PUR-PUR-4T,4a1d8cd4-625a-4b5b-8809-8f05224236ed,6109,MTW7061390 | MTW7061390-PUR-3T | K-MIN-MTW7061390-PUR-4T,3,CREATE_STANDALONE,Sibling SKU(s) exist in LS — may belong to existing family. Review for manual merge.
MTW7062390,K-MIN-MTW7062390-PUR-PUR-12-18M,6ada6557-3243-4dcb-a9dc-43b0938f2a4a,6110,MTW7062390-PUR-6-12M | MTW7062390 | MTW7062390-PUR-12-18M,3,CREATE_STANDALONE,Sibling SKU(s) exist in LS — may belong to existing family. Review for manual merge.
MTW7062374,K-MIN-MTW7062374-TUR-TUR-6-12M,fb0970aa-1e49-4017-a569-052ccf9f3f2d,6115,K-MIN-MTW7062374-TUR-3-6M | K-MIN-MTW7062374-TUR-6-12M | MTW7062374-TUR-12-18M,3,CREATE_STANDALONE,Sibling SKU(s) exist in LS — may belong to existing family. Review for manual merge.
MTW7060380,W-MIN-MTW7060380-PNK-PNK-XS,a2807bfc-2a80-45eb-92a9-d9d052be813f,6123,W-MIN-MTW7060380-PNK-XS | MTW7060380-PNK-S/6-8 | MTW7060380-PNK-M/10 | MTW7060380-PNK-L/12 | MTW7060380-PNK-XL/14,6,CREATE_STANDALONE,Sibling SKU(s) exist in LS — may belong to existing family. Review for manual merge.
MTT7671097,K-MIN-MTT7671097-BLK-BLA-2T,58d309dc-09a9-4885-b6e3-5c41241a9cb3,6127,B-MIN-MTT7671097-BLK-2T | MTT7671097-BLK-3T | MTT7671097-BLK-4T,3,CREATE_STANDALONE,Sibling SKU(s) exist in LS — may belong to existing family. Review for manual merge.
MWK7590020,B-MIN-MWK7590020-BRN-BRN-XXL,c1ac33d6-ee7c-476d-a8cb-34a352696618,6209,MWK7590020 | MWK7590020-BRN-L/12 | MWK7590020-BRN-XL/14 | B-MIN-MWK7590020-BRN-XXL | MWK7590020-BRN-M/10,6,CREATE_STANDALONE,Sibling SKU(s) exist in LS — may belong to existing family. Review for manual merge.
CTW3390002,G-CRU-CTW3390002-COR-COR-L/10,f06a3516-7dca-4331-8ed1-9bc07c3c070a,6307,G-CRU-CTW3390002-COR-XS | CTW3390002-COR-XL/12 | CTW3390002-COR-M/8 | CTW3390002-COR-XXL/14-16 | CTW3390002-COR-S/6-7,7,CREATE_STANDALONE,Sibling SKU(s) exist in LS — may belong to existing family. Review for manual merge.
1/4,A-GEN-1/4-XS,fabbf49a-2e72-4860-9ba8-9fa09b5bfb03,6363,A-MFW-T75324286-7.25-GRA-7-1/4 | A-MFW-T71010149-7.25-BEI-7-1/4 | A-BHH-2777-WB-58-7-1/4 | A-HBR-RSHODRK8342M272-BW-7-1/4 | A-RHE-PGNT--R-WHI-7-1/4,25,CREATE_STANDALONE,Sibling SKU(s) exist in LS — may belong to existing family. Review for manual merge.
