id,old_sku,new_sku
19,"09MWFQG","M-KON-09MWFQG-15-32"
25,"09MWZPV","A-KON-09MWZPV-15-32"
26,"112321493","A-KON-112321493-15-32"
27,"WXTR006","A-TWX-WXTR006-5.5-B"
30,"Z5137","W-COR-Z5137-5.5-M"
31,"WXTR001","A-TWX-WXTR001-5.5-NA"
32,"WKL992","A-BHS-WKL992-6-B"
33,"L5812","W-GEN-L5812-6-M"
34,"E1538","W-COR-E1538-6-M"
35,"A4078","W-COR-A4078-6-NA"
36,"Z5098","A-COR-Z5098-6-M"
37,"14-021-0102-5078","W-KAR-14-11-NA"
38,"XT5151L","A-GEN-XT5151L-6-B"
39,"10044442","W-ARI-10044442-6-B"
40,"W5006","W-COR-W5006-6-NA"
41,"XT5150L","A-COR-XT5150L-6-B"
42,"09-021-8020-1723","W-KAR-09-6-NA"
43,"CA1620","W-BHS-CA1620-6-M"
44,"1003439","W-ARI-1003439-6-B"
45,"14-021-0005-1453-WH","W-KAR-14-6-NA"
46,"09-021-8022-1520","W-KAR-09-6-NA"
47,"DH5425","W-BHS-DH5425-6-M"
48,"SGK54L","A-BHS-SGK54L-6.5-B"
49,"14-021-0006-1543-WH","W-KAR-14-6.5-NA"
50,"DH5373","A-BHS-DH5373-7-M"
51,"09MWZBK","W-KON-09MWZBK-15-34"
52,"112367600","W-KON-112367600-32-34"
53,"1011MPFKP","W-KON-1011MPFKP-32-36"
54,"11-054-0214-0807-BU","W-RHE-11-14-R"
56,"BW4MD07188","W-WMA-BW4MD07188-32-34"
59,"10043144","W-ARI-10043144-32-L"
60,"H22-302988","W-WMA-H22-32-34"
61,"S23-303967","W-WMA-S23-32-34"
62,"CB72954071-IND","W-CRU-CB72954071-32/13-L"
63,"H24-309745","W-WMA-H24-32-36"
64,"1040806","W-ARI-1040806-32-L"
65,"10053533","W-ARI-10053533-32-L"
66,"10041115","W-ARI-10041115-32-L"
67,"10041063","W-ARI-10041063-32-X"
69,"10041063-S","W-ARI-10041063-32-S"
70,"MW4MD05313","W-WMA-MW4MD05313-32-32"
71,"112360597","W-KON-112360597-32-34"
73,"10053533-32R","W-ARI-10053533-32-R"
74,"BW6PD05304","W-WMA-BW6PD05304-32-32"
76,"112360597-32R","W-KON-112360597-32"
81,"BW6PD05304-3234","W-WMA-BW6PD05304-32-34"
82,"112367577","W-KON-112367577-32-32"
84,"112360597-3230","W-KON-112360597-32-30"
85,"112360638-3234","W-KON-112360638-32-34"
86,"BW6PD05304-3230","W-WMA-BW6PD05304-32-30"
89,"112367575","W-KON-112367575-32-34"
94,"112367600-33-34","W-KON-112367600-33-34"
95,"BW4MDO7188","W-WMA-BW4MDO7188-33-34"
96,"MJB1454071-IND","W-MIN-MJB1454071-IND-33/15-R"
97,"112360638","W-KON-112360638-33-32"
99,"112360638-33-30","W-KON-112360638-33-30"
100,"BW4MD05313","W-GEN-BW4MD05313-BLA-33-30"
101,"MWV1591001-CHR","A-MIN-MWV1591001-XS"
102,"32-9123P-6-57","A-GEN-32"
103,"32-9123P-14-66","A-JTI-32-BLU-66"
104,"USC1205","A-GEN-USC1205"
105,"60-3119-00","A-GEN-60"
107,"10061119","M-GEN-10061119-DBR-9-D"
108,"SFSKYL-75400774","A-GEN-SFSKYL-07 -7-1/2"
109,"SFSKYL-75400767","A-GEN-SFSKYL-BLA-6-7/8"
110,"DP69408-DA-SAD-","M-DPC-DP69408-SAD-18-D"
111,"DP69482","M-GEN-DP69482-TAN-17-EW"
117,"DH5427-BUTTERSCOTCH-14D","M-BHS-DH5427-NEU-14D"
118,"SE471-BARLEY-13EE","A-BHS-SE471-BAR-13-EE"
119,"DH5391-BROWN-13EE","M-BHS-DH5391-BRO-13-EE"
120,"6315-M-BLACK-065","A-SMB-6315-BLA-6"
121,"CA1620-7M","W-BHS-CA1620-COP-7-M"
122,"Q0199","W-COR-Q0199-TAU-7M"
123,"L5704-RED-6M","W-COR-L5704-RED-6M"
124,"SE4355-BROWN-6B","W-BHS-SE4355-BRU-6-B"
125,"A4252-SAND/PURPLE-10M","W-COR-A4252-SND-10M"
126,"DH5427-NEUTRALBUTTERSCOTCH-13D","M-BHS-DH5427-NEU-13-D"
127,"WK2110-TUMBLEDMAHOGANY-14D","A-BHS-WK2110-TUM-14-D"
128,"MHKBCW1-DISTRESSEDSADDLE-14M","M-TWX-MHKBCW1-DS-13-M"
129,"MRAL035-HONEYANDDENIM-12D","M-TWX-MRAL035-HON-12-D"
130,"MHY0035-CHOCOLATEANDKEYLIME-12D","M-TWX-MHY0035-CHO-12-D"
131,"DH5427-NEUTRALBUTTERSCOTCH-11.5EE","M-BHS-DH5427-NEU-11-1/2-2E"
132,"DH5427-NEUTRAL-HAZEL-11.5D","M-BHS-DH5427-NEU-11.5D"
133,"MHKBCW1-DISTRESSEDSADDLE-10.5W","A-TWX-MHKBCW1-DS-10.5-W"
134,"GB00623-11W","M-RBR-GB00623-11W"
135,"MLCSLW1-OILED-BROWN-/-RUST-11EE","A-GEN-MLCSLW1-OR-11-EE"
136,"MFSW001-OILEDSADDLE-11M","M-TWX-MFSW001-OIL-11-M"
137,"MHKB002-DISTRESSEDSADDLE-11M","M-TWX-MHKB002-DIS-11-M"
138,"GB00623-11M","M-RBR-GB00623-11M"
139,"MXLW001-DISTRESSED-SADDLE--COGNAC-11D","M-TWX-MXLW001-DIS-11-D"
140,"10002559-EARTH-/-BROWN-BOMBER-11D","M-ARI-10002559-EB-11.5-D"
144,"MABW001","M-TWX-MABW001-WAT-11.5-M"
148,"445","M-GEN-445-11.5-B"
155,"RNWBTHR0SR","W-WMA-RNWBTHR0SR-MED-32-34"
163,"MJ81454082-IND","W-MIN-MJ81454082-IND-31/11-S"
173,"-IND","W-CRU-IND-31/11-S"
188,"RRWD44HRV","W-WMA-RRWD44HRV-MED-28-30"
194,"RRWD4BRZTS6","W-WMA-RRWD4BRZTS6-MED-28-30"
199,"RRWD04BRZT6","A-WMA-RRWD04BRZT6-MED-29-32"
202,"JPORT","W-CTU-JPORT-29-L"
221,"112360639","W-KON-112360639-26-32"
243,"112360688","W-KON-112360688-29-34"
288,"112360614","W-KON-112360614-25-32"
293,"10WRQ20TB","W-KON-10WRQ20TB-13/14-x-30"
308,"10040503","W-ARI-10040503-32-R"
335,"RRWD4HROG4-RO-D","W-WMA-RRWD4HROG4-DAR-30-30"
338,"RRWD4HROG4-RO-D-29-36","W-WMA-RRWD4HROG4-DAR-29-36"
339,"RRWD4HROG4-RO-D-31-34","W-WMA-RRWD4HROG4-DAR-31-34"
340,"RRWD4HROG4-RO-D-28-32","W-WMA-RRWD4HROG4-DAR-28-32"
341,"RRWD4HROG4-RO-D-28-34","W-WMA-RRWD4HROG4-DAR-28-34"
342,"RRWD46HR-RO-DAR-26-30","W-WMA-RRWD46HR-DAR-26-30"
343,"RRWD4HR0G4-RO-D","W-WMA-RRWD4HR0G4-DAR-27-30"
344,"RRWD44HR-RO-DAR-26-34","W-WMA-RRWD44HR-DAR-26-34"
346,"RRWD4HROG4-RO-D-28-30","W-WMA-RRWD4HROG4-DAR-28-30"
347,"CB729540-CR-331-33/15-S","W-CRU-CB729540-33/15-S"
348,"CB729540-CR-331-33/15L","W-CRU-CB729540-33/15-L"
349,"CB729540-CR-321-32/13S","A-CRU-CB729540-32/13-S"
350,"CB729540-CR-341-34/17R","W-CRU-CB729540-34/17-R"
351,"CB729540-CR-309-30/9XL","W-CRU-CB729540-30/9-XL"
352,"CB729540-CR-311-31/11-S","W-CRU-CB729540-31/11-S"
353,"CB729540-CR-297-29/7S","W-CRU-CB729540-29/7-S"
354,"CB729540-CR-273-27/3XL","A-CRU-CB729540-27/3-XL"
355,"CB729540-CR-351-35/19L","W-CRU-CB729540-35/19-L"
356,"CB729540-CR-309-30/9S","W-CRU-CB729540-30/9-S"
357,"CB729540-CR-31X-31/11L","W-CRU-CB729540-31-x-11-Long"
358,"CB729540-CR-311-31/11R","W-CRU-CB729540-31/11-R"
359,"CB729540-CR-311-31/11-XL","W-CRU-CB729540-31/11-XL"
362,"CB729540-CR-273-27/3R","W-CRU-CB729540-27/3-R"
363,"CB729540-CR-285-28/5-R","W-CRU-CB729540-28/5-R"
364,"CB729540-CR-285-28/5-L","W-CRU-CB729540-28/5-L"
365,"CB729540-CR-285-28/5-S","W-CRU-CB729540-28/5-S"
366,"CB729540-CR-297-29/7-R","W-CRU-CB729540-29/7-R"
367,"CB729540-CR-341-34/17-L","W-CRU-CB729540-34/17-L"
368,"CB729540-CR-297-29/7-L","W-CRU-CB729540-29/7-L"
369,"10041063-AR-18WL","W-ARI-10041063-18-WL"
370,"10041063-AR-33L","A-ARI-10041063-33-L"
371,"10041063-AR-33XL","W-ARI-10041063-33-X"
372,"10041063-AR-33R","A-ARI-10041063-33-R"
373,"10041063-AR-22W","W-ARI-10041063-22-WL"
374,"10041063-AR-34L","W-ARI-10041063-34-L"
375,"10041063-AR-34S","W-ARI-10041063-34-S"
376,"10041063-AR-31R","W-ARI-10041063-31-R"
377,"10041063-AR-28L","W-ARI-10041063-28-L"
378,"10041063-AR-32R","W-ARI-10041063-32-R"
379,"10041063-AR-30L","W-ARI-10041063-30-L"
385,"10041063-AR-25X","W-ARI-10041063-25-X"
386,"10041063-AR-26R","W-ARI-10041063-26-R"
387,"10041063-AR-26S","W-ARI-10041063-26-S"
388,"10041063-AR-28X","W-ARI-10041063-28-x-L"
389,"10041063-AR-27X","W-ARI-10041063-27-X"
390,"10041063-AR-28S","W-ARI-10041063-28-S"
391,"10041063-AR-30X","W-ARI-10041063-30-X"
392,"10041063-AR-29S","W-ARI-10041063-29-S"
393,"10041063-AR-29X","W-ARI-10041063-29-X"
394,"10041063-AR-29R","W-ARI-10041063-29-R"
395,"10041063-AR-30S","W-ARI-10041063-30-S"
396,"10041063-AR-33S","W-ARI-10041063-33-S"
397,"10041063-AR-16WR","W-ARI-10041063-16WR"
398,"10041063-AR-24WR","W-ARI-10041063-24WR"
399,"10041063-AR-26WR","A-ARI-10041063-26-WR"
400,"10041063-AR-22WR","W-ARI-10041063-22WR"
401,"10041063-AR-20WR","W-ARI-10041063-20WR"
402,"10041063-AR-20WL","W-ARI-10041063-20-WL"
403,"10041063-AR-16WL","W-ARI-10041063-16WL"
404,"WRQ20WS-WR-5/6X36","W-KON-WRQ20WS-5/6-X-36"
405,"WRQ20WS-WR-WHT-","W-KON-WRQ20WS-WHI-7/8-x-36"
408,"WRQ20WS-WR-WHT-19/20X34","W-KON-WRQ20WS-WHI-19/20-x-34"
411,"WRQ20WS-WR-WHT-15/16X34","W-KON-WRQ20WS-WHI-15/16-x-34"
414,"WRQ20WS-WR-WHT-11/12-X-36","W-KON-WRQ20WS-WHI-11/12-x-36"
416,"WRQ20WS-WR-WHT-3/4-X-36","W-KON-WRQ20WS-WHI-3/4-X-36"
417,"WRQ20WS-WR-WHT-5/6-X-32","W-KON-WRQ20WS-WHI-5/6-x-32"
418,"WRQ20WS-WR-WHT-1/2-X-34","W-KON-WRQ20WS-WHI-1/2-x-34"
419,"WRQ20WS-WR-WHT-3/4-X-34","W-KON-WRQ20WS-WHI-3/4-x-34"
420,"WRQ20WS-WR-WHT-17/18-X-34","W-KON-WRQ20WS-WHI-17/18-x-34"
422,"WRQ20WS-WR-WHT-19/20-X-34","W-KON-WRQ20WS-WHI-19/20-x-34"
424,"WRQ20WS-WR-WHT-11/12-X-32","W-KON-WRQ20WS-WHI-11/12-x-32"
425,"WRQ20WS-WR-WHT-13/14-X-34","W-KON-WRQ20WS-WHI-13/14-x-34"
426,"112338903-WR-25X30","W-KON-112338903-25-30"
427,"WRQ20WS-WR-WHT-7/8-X-32","W-KON-WRQ20WS-WHI-7/8-x-32"
428,"WRQ20WS-WR-WHI-","W-KON-WRQ20WS-WHI-9/10-x-34"
429,"WRQ20WS-WR-WHT-9/10-X-36","W-KON-WRQ20WS-WHI-9/10-x-36"
430,"5970-LA-BLA-10M","W-DPC-5970-BLA-10-M"
431,"WXTR014-TW-HIC-10-B","W-TWX-WXTR014-HIC-10-B"
432,"B5007-CO-TAU-10","W-COR-B5007-TAU-10-NA"
433,"14-021-0007-1512-10","W-KAR-14-CC-10-NA"
434,"142-021-0007-0111-10","W-KAR-142-BG-10-NA"
435,"DH5374-AR-CHA-10M","W-ARI-DH5374-CHA-10-M"
436,"RP3311-JU-TAN-10B","W-BHS-RP3311-TAN-10-B"
437,"DH5392-H-BROWN-10M","W-BHS-DH5392-THO-10-M"
438,"A4199-CO-BLUE/SAND-10M","W-COR-A4199-LS-10-M"
439,"WXTR004-TW-ROA-10B","W-TWX-WXTR004-ROA-10-B"
440,"SA6208-TO-TAB-10B","W-BHS-SA6208-TAB-10-B"
441,"WXTR009-TW-DIS-10B","W-TWX-WXTR009-DIS-10-B"
442,"GB00558-GE-10M","W-RBR-GB00558-10-M"
443,"DH2411-H-YEL-1","W-BHS-DH2411-YEL-10-M"
444,"RPPS37-JU-KHA-10B","W-BHS-RPPS37-KHA-10-B"
445,"GY9985-JU-AGE-10B","W-BHS-GY9985-AGE-10-B"
446,"10033870-AR-BLA-17EE","M-ARI-10033870-BLA-17-EE"
447,"SV4991-JU-BRO-10B","W-BHS-SV4991-BRO-10-B"
448,"WXTR009-TW-DIS-6B","W-TWX-WXTR009-DIS-6-B"
449,"WTH0012-TW-BOM-6B","W-TWX-WTH0012-BOM-6-B"
450,"5970-LA-BLK-6M","W-DPC-5970-BLA-6-M"
451,"L6098-CO-SAN-6M","W-COR-L6098-SND-6M"
452,"14-021-0-TI-ROD-6","A-KAR-14-RR-6-NA"
453,"Z5219-CO-WHI-6M","W-COR-Z5219-WHI-6-M"
454,"Q5090-CO-BRO-6M","W-COR-Q5090-BRO-6-M"
455,"14-021-0-TI-BLO-6B","W-KAR-14-BLO-6B"
456,"10004729-AR-BLA-12B","W-ARI-10004729-BLA-12-B"
457,"Z5220-CO-SAN-6M","W-COR-Z5220-SND-6M"
458,"A4530-CO-BLA-12","W-COR-A4530-BLA-12-M"
459,"Z5219-CO-WHI-12","W-COR-Z5219-WHI-12-M"
460,"14-021-0-TI-PAI","W-KAR-14-PB-6-NA"
464,"09-021-7-RO-BLK-11B","W-KAR-09-021-7625-8633-BLA-11-B"
465,"L5906-CO-NAT-12M","W-COR-L5906-NAT-12M"
466,"14-021-0-TI-BAR","W-KAR-14-021-0007-0111-BG-11-NA"
467,"L6098-CO-SAN-11","W-COR-L6098-SND-11M"
468,"Z5220-CO-SAN-11","W-COR-Z5220-SND-11-M"
469,"A4205-CO-BRO-11","W-COR-A4205-BRO-11-M"
470,"GY9991-JU-BRO-11B","W-BHS-GY9991-BRO-11-B"
471,"09-021-0-RO-TAN-11","W-KAR-09-021-0904-3313-TAN-11-NA"
472,"GY9985-JU-AGE-11B","W-BHS-GY9985-AGE-11-B"
473,"A4199-CO-BLU-11M","W-COR-A4199-BLU-11M"
474,"Z5220-CO-SAN-12M","W-COR-Z5220-SND-12M"
475,"Z5219-CO-WHI-11M","W-COR-Z5219-WHI-11M"
476,"14-021-0-TI-WHT-11","W-KAR-14-021-0007-1513-WHI-11-NA"
477,"GB00558-GE-11M","W-RBR-GB00558-11-M"
478,"UN2340-JU-TAN-11B","W-BHS-UN2340-TAN-11-B"
479,"GY9536-JU-TAN-11B","W-BHS-GY9536-TAN-11-B"
480,"DH5386-H-11M","W-BHS-DH5386-11-M"
481,"DH5373-H-CHA-11M","W-BHS-DH5373-CHA-11-M"
482,"DH5392-H-THO-1","W-BHS-DH5392-THO-11M"
483,"WXBAW01-TW-BRO-11B","W-TWX-WXBAW01-BRO-11-B"
484,"GY9526-JU-SHE-11B","W-BHS-GY9526-SHE-11-B"
485,"RP3311-JU-TAN-11B","W-BHS-RP3311-TAN-11-B"
486,"10029548-AR-CHO-6B","W-ARI-10029548-CHO-6-B"
487,"09-021-0-RO-MON-6","W-KAR-09-021-0904-3313-TA-MON-6-NA"
488,"10029549-AR-BLK-6B","W-ARI-10029549-BLA-6B"
489,"SE2801-JU-SPI-6","W-BHS-SE2801-SPI-6-B"
490,"14-021-0-TI-CHE-6","W-KAR-14-021-0007-1512-CC-6-NA"
491,"14-021-0-TI-WIL","W-KAR-14-021-0007-1464-WIL-6-NA"
492,"A3326-CO-BRO-6M","W-COR-A3326-BRO-6-M"
493,"14-021-0-TI-MID-6","W-KAR-14-021-0102-5078-MB-6-NA"
494,"GY9536-JU-BRN-6B","W-BHS-GY9536-BRO-6-B"
495,"GY9991-JU-BRO-6","W-BHS-GY9991-BRO-6-B"
496,"L5906-CO-NAT-6M","W-COR-L5906-NAT-6M"
500,"DH7030-DO-BRN-6M","W-BHS-DH7030-BRO-6-M"
501,"DRD0447-DU-6M","W-RBR-DRD0447-6-M"
502,"DH5392-H-THO-6","W-BHS-DH5392-THO-6-M"
503,"DH5374-H-CHA-6","W-BHS-DH5374-CHA-6-M"
504,"WXTR013-TW-CHO-6B","W-TWX-WXTR013-CHO-6-B"
505,"DH5386-H-NEU-6M","W-BHS-DH5386-NEU-6-M"
506,"14-021-0-TI-FEA-5.5","W-KAR-14-021-0101-5003-FP-5.5-NA"
507,"WXTR013-TW-CHO-5.5B","W-TWX-WXTR013-CHO-5.5-B"
508,"WXTR004-TW-ROA-5.5B","W-TWX-WXTR004-ROA-5.5-B"
509,"WTH0012-TW-BOM-5.5B","W-TWX-WTH0012-BOM-5.5-B"
510,"09-021-0-RO-MON","W-KAR-09-021-0904-3313-MON-5.5-NA"
513,"09-021-0-RO-MON-5","W-KAR-09-021-0904-3313-MON-5-NA"
514,"L6090-CO-BLA-5.5M","W-COR-L6090-BLA-5.5-M"
515,"B5007-CO-TAU-5.5M","W-COR-B5007-TAU-5.5-NA"
516,"Z5220-CO-SAN-5.5M","W-COR-Z5220-SND-5.5-NA"
517,"WXTR009-TW-DIS-5.5B","A-TWX-WXTR009-DIS-5.5-B"
518,"RRMD0SR0MG-RO-D-31-30","M-WMA-RRMD0SR0MG-DAR-31-30"
519,"M1P1798-RO-DK-","M-WMA-M1P1798-DK -31-36"
520,"M1P2794-RO-DK-31-36","M-WMA-M1P2794-DK -31-36"
521,"VM0SD02585-RO-M","M-WMA-VM0SD02585-MED-32-30"
522,"HYMDTBRZRZ-RO-D-31-36","M-WMA-HYMDTBRZRZ-DAR-31-36"
523,"HYMDTBRZRZ-RO-D-32-36","M-WMA-HYMDTBRZRZ-DAR-32-36"
524,"HYMDTBRZRZ-RO-D-32-38","M-WMA-HYMDTBRZRZ-DAR-32-38"
525,"1077MWZWO-WR-31-36","M-KON-1077MWZWO-31-36"
526,"1001MCWAB-WR-32-33","M-KON-1001MCWAB-32-34"
527,"MB928340-CI-IND","M-MIN-MB92834013-IND-31-36"
529,"10027748-AR-SIL-32-32","M-ARI-10027748-SIL-32-32"
530,"RRMD0SRZS8-RO-S","M-WMA-RRMD0SRZS8-SMA-33-30"
531,"HYMDTBRZRZ-HO-33-30","M-WMA-HYMDTBRZRZ-33-30"
532,"VM0SD02585-RO-33-30","M-WMA-VM0SD02585-33-30"
533,"RRMD1PRZP1-RO-D-33-32","M-WMA-RRMD1PRZP1-DAR-33-32"
534,"10041086-AR-GAB-33-34","M-ARI-10041086-GAB-33-34"
535,"1077MWZGL-WR-33-34","M-KON-1077MWZGL-33-34"
536,"103WAC5MS-WR-33-34","M-KON-103WAC5MS-33-34"
541,"10039289-AR-BLK-30-34","M-ARI-10039289-BLA-30-34"
542,"112336764-WR-33-36","M-KON-112336764-33-36"
543,"M1P1798-RO-33X36","M-WMA-M1P1798-33-36"
544,"M1P2794-RO-DK-33-36","M-WMA-M1P2794-DK -33-36"
545,"RRMD0SRZS8-RO-D-33-36","M-WMA-RRMD0SRZS8-DAR-33-36"
546,"HYMDTBRZRZ-RO-D","M-WMA-HYMDTBRZRZ-DAR-33-38"
547,"10022605-AR-SIE-34-34","M-ARI-10022605-SIE-34-34"
548,"RRMD0SRZSR-RO-M-29-36","M-WMA-RRMD0SRZSR-MED-29-36"
549,"RRMD0SR0MG-RO-D","M-WMA-RRMD0SR0MG-DAR-30-38"
550,"RRMD0SRZS8-RO-D-30-36","M-WMA-RRMD0SRZS8-DAR-30-36"
551,"RRMD0SRZS8-RO-D-29-36","M-WMA-RRMD0SRZS8-DAR-29-36"
552,"RRMD0SRZS8-RO-D-29-38","M-WMA-RRMD0SRZS8-DAR-29-38"
553,"10026041-AR-FRE-28-34","M-ARI-10026041-FRE-28-34"
554,"M0S1794-RO-DK-","M-WMA-M0S1794-DK -29-34"
555,"RRMD1PRZP1-RO-D-29-30","M-WMA-RRMD1PRZP1-DAR-29-30"
556,"938KCL-WR-29X36","M-KON-938KCL-29-36"
558,"1002MCWTL-WR-28-36","M-KON-1002MCWTL-28-36"
560,"10032321-AR-SUM-28-32","M-ARI-10032321-SUM-28-32"
561,"RRMD0SRZS8-RO-D-28-30","M-WMA-RRMD0SRZS8-DAR-28-30"
562,"RRMD0SR0MG-RO-D-34-38","M-WMA-RRMD0SR0MG-DAR-34-38"
563,"10022676-AR-KIL-34-38","M-ARI-10022676-KIL-34-38"
564,"42MWX-WR-34X32","M-KON-42MWX-34-32"
565,"MVS9872-RO-MED-35-30","M-WMA-MVS9872-MED-35-30"
566,"RRMD1PRZP1-RO-D-35-30","M-WMA-RRMD1PRZP1-DAR-35-30"
567,"VM0SD02585-RO-M-35-32","M-WMA-VM0SD02585-MED-35-32"
568,"RRMD0SR0MG-RO-D-35-30","M-WMA-RRMD0SR0MG-DAR-35-30"
569,"VM0SD02585-RO-M-35-30","M-WMA-VM0SD02585-MED-35-30"
570,"RRMDOSRZS8-RO-D-35-30","M-WMA-RRMDOSRZS8-DAR-35-30"
571,"HYMDTBRZRZ-HO-35-30","M-WMA-HYMDTBRZRZ-35-30"
572,"RRMD0SRZS8-RO-D-35-36","M-WMA-RRMD0SRZS8-DAR-35-36"
573,"RRMD0SRZS8-RO-D-35-38","M-WMA-RRMD0SRZS8-DAR-35-38"
574,"HYMDTBRZRZ-HO-D-36-32","M-WMA-HYMDTBRZRZ-DAR-36-32"
575,"HYMDTBRZP6-HO-M-35-38","M-WMA-HYMDTBRZP6-MED-35-38"
576,"VMTBD02587-RO-D36-32","A-WMA-VMTBD02587-DAR-36-32"
577,"M1P1798-RO-DK-35-36","M-WMA-M1P1798-DK -35-36"
578,"M1P2794-RO-DK-","M-WMA-M1P2794-DK -35-36"
579,"10044368-AR-CHA-36-32","M-ARI-10044368-CHA-36-32"
580,"10037890-AR-BLK-29-34","M-ARI-10037890-BLA-29-34"
598,"54833-NAT-912M","A-GEN-54833-NAT-9.5-M"
610,"C41704-CH-SEA-1","A-GEN-C41704-SL-13-M"
620,"09-021-0-RO-PNK","W-KAR-09-021-0904-3083-PNK-5.5-NA"
621,"WXTR006-TW-BLA-5.5B","W-TWX-WXTR006-BLA-5.5-B"
622,"Z5137-CO-FUC-51","W-COR-Z5137-FUC-5.5-M"
624,"SGK54L-JU-BLK-6.5B","W-BHS-SGK54L-BLA-6.5-B"
625,"BW4HD02244-RO-D-36-34","W-WMA-BW4HD02244-DAR-36-34"
626,"JCHEER-CO-40R","W-CTU-JCHEER-40-32"
627,"RRWD4HR0VA-RO-M-36-34","W-WMA-RRWD4HR0VA-MED-36-34"
628,"WHN8192-RO-MED-36-32","W-WMA-WHN8192-MED-36-32"
629,"MJ81454082-CI-I-35/19R","W-MIN-MJ81454082-IND-35/19-R"
630,"CB19554001-CR-I","W-CRU-CB19554001-IND-34/17-R"
631,"10016220-AR-36X","M-ARI-10016220-36-38"
632,"47MAVVS-WR-36X34","M-KON-47MAVVS-36-34"
633,"M0S3473-RO-IND-28-36","M-WMA-M0S3473-IND-28-36"
634,"M0S3473-RO-IND-36-34","M-WMA-M0S3473-IND-36-34"
635,"RRMD0SRZS8-RO-D-36-34","M-WMA-RRMD0SRZS8-DAR-36-34"
636,"RRMD0SRZS8-RO-D-36-38","M-WMA-RRMD0SRZS8-DAR-36-38"
637,"HYMDTBRZRZ-HO-D","M-WMA-HYMDTBRZRZ-DAR-34-38"
640,"RRMD0SR0MG-RO-D-36-38","M-WMA-RRMD0SR0MG-DAR-36-38"
643,"RRMD0SR0MG-RO-D-35-38","M-WMA-RRMD0SR0MG-DAR-35-38"
644,"RRMD0SRPMG-RO-D-38-38","M-WMA-RRMD0SRPMG-DAR-38-38"
645,"RRMD0SRZS8-RO-D-38-30","M-WMA-RRMD0SRZS8-DAR-38-30"
647,"MVS9872-RO-DAR-34-38","M-WMA-MVS9872-DAR-34-38"
648,"VM0SD02585-RO-M-40-32","M-WMA-VM0SD02585-MED-40-32"
652,"HYMDTBRZRZ-HO-D-40-32","M-WMA-HYMDTBRZRZ-DAR-40-32"
654,"RRMD1PRZP1-RO-D-40-32","M-WMA-RRMD1PRZP1-DAR-40-32"
658,"HYMDTBRZP6-HO-4","M-WMA-HYMDTBRZP6-40-32"
666,"H22303065-RO-DA","M-WMA-H22-DAR-44-32"
667,"MTB1805-HO-MED-44-32","M-WMA-MTB1805-MED-44-32"
668,"HYMDTBRZP6-RO-M-44-32","M-WMA-HYMDTBRZP6-MED-44-32"
669,"RRMD0SRZSR-RO-M-44-32","M-WMA-RRMD0SRZSR-MED-44-32"
670,"M1P1798-RO-DK-44-32","M-WMA-M1P1798-DK -44-32"
671,"MTB3482-RO-DAR-40-30","M-WMA-MTB3482-DAR-40-30"
672,"HYMDTBR0V8-HO-D-40-30","M-WMA-HYMDTBR0V8-DAR-40-30"
673,"VM0SD02585-RO-M-40-30","M-WMA-VM0SD02585-MED-40-30"
674,"RRMD0SR0MG-RO-D-40-32","M-WMA-RRMD0SR0MG-DAR-40-32"
675,"1042MWXMD-WR-40-32","M-KON-1042MWXMD-40-32"
676,"M0S8295-RO-DK-","M-WMA-M0S8295-DK -42-36"
677,"RRMD1PRZP1-RO-D-42-34","M-WMA-RRMD1PRZP1-DAR-42-34"
678,"T22301452-HO-DA-42-34","M-WMA-T22-DAR-42-34"
680,"M0S1794-DK-DK-","M-GEN-M0S1794-DK -40-34"
681,"100936BKW-WR-BR-38-32","M-KON-100936BKW-BRO-38-32"
682,"936CHG-WR-GRY-38-32","M-KON-936CHG-GRA-38-32"
683,"JBREAC-CO-33XLO","W-CTU-JBREAC-33-XL"
684,"HYM1RRZRV-HO-38","M-WMA-HYM1RRZRV-38-34"
685,"HYMD1RRZRV-HO-M-38-34","M-WMA-HYMD1RRZRV-MED-38-34"
686,"VM0SD02585-RO-M-38-34","M-WMA-VM0SD02585-MED-38-34"
687,"HYMDTBR0V8-RO-D-38-36","M-WMA-HYMDTBR0V8-DAR-38-36"
688,"HYMDTBR0KY-RO-D-38-36","M-WMA-HYMDTBR0KY-DAR-38-36"
689,"MTB1805-RO-MED-38-38","M-WMA-MTB1805-MED-38-38"
690,"HMTBD02564-HO-M-36-38","M-HBR-HMTBD02564-MED-36-38"
691,"VM0SD02585-RO-M-38-36","M-WMA-VM0SD02585-MED-38-36"
692,"HMTBD02564-HO-M-42-32","M-WMA-HMTBD02564-MED-42-32"
693,"M1P1298-RO-DK-42-32","M-WMA-M1P1298-DK -42-32"
694,"10036734-AR-FIE-32-36","M-ARI-10036734-FIE-32-36"
695,"47MAVVS-WR-40X34","M-KON-47MAVVS-40-34"
696,"42MWX-WR-42X34","M-KON-42MWX-42-34"
697,"103W050AI-WR-48-34","M-KON-103W050AI-48-34"
698,"77MWZWO-WR-42X32","M-KON-77MWZWO-42-32"
699,"1001MCWTD-WR-38-32","M-KON-1001MCWTD-38-32"
700,"1042MWXMD-WR-46-32","M-KON-1042MWXMD-46-32"
701,"M1P2794-RO-DK-42-32","M-WMA-M1P2794-DK -42-32"
702,"M0S1794-RO-DK-42-32","M-WMA-M0S1794-DK -42-32"
703,"1042MWXMD-WR-44-32","M-KON-1042MWXMD-44-32"
704,"RRMD1PRZP1-RO-D-42-32","M-WMA-RRMD1PRZP1-DAR-42-32"
705,"RRMD1PRZP1-RO-D-40-36","M-WMA-RRMD1PRZP1-DAR-40-36"
706,"RRMD1PRZP1-RO-D-42-36","M-WMA-RRMD1PRZP1-DAR-42-36"
707,"RRMDP1PZP1-RO-D-44-36","M-WMA-RRMDP1PZP1-DAR-44-36"
708,"RRMD1PRZP1-RO-D-44-34","M-WMA-RRMD1PRZP1-DAR-44-34"
709,"RRMD1PRZP1-RO-D-40-34","M-WMA-RRMD1PRZP1-DAR-40-34"
710,"10016220-AR-40-36","M-ARI-10016220-40-36"
711,"RRMDD0SR-RO-DAR-40-36","M-WMA-RRMDD0SR0MG-DAR-40-36"
712,"M0S4215-RO-DK-40-36","M-WMA-M0S4215-DK -40-36"
713,"MOD7715-RO-DK-40-36","M-WMA-MOD7715-DK -40-36"
714,"RRMD1PR0LG-RO-D-35-38","A-WMA-RRMD1PR0LG-DAR-35-38"
715,"RRMD1PR0LG-RO-D-32-38","M-WMA-RRMD1PR0LG-DAR-32-38"
716,"HYMDTBRZP6-HO-M-32-38","M-WMA-HYMDTBRZP6-MED-32-38"
717,"M1R3482-RO-DK-32-38","M-WMA-M1R3482-DK -32-38"
718,"RRMD1PRZP1-RO-D-31-38","M-WMA-RRMD1PRZP1-DAR-31-38"
719,"RRMD0SR0MG-RO-D-42-32","M-WMA-RRMD0SR0MG-DAR-42-32"
720,"42MWX-WR-42X32","M-KON-42MWX-42-32"
721,"HMTBD02564-HO-M","M-WMA-HMTBD02564-MED-44-36"
722,"H22303065-RO-DA-44-36","M-WMA-H22-DAR-44-36"
723,"RRMD1PR0LG-RO-D-44-36","M-WMA-RRMD1PR0LG-DAR-44-36"
724,"M0S4215-RO-DK-42-36","M-WMA-M0S4215-DK -42-36"
725,"MOD7715-RO-DK-42-36","M-WMA-MOD7715-DK -42-36"
726,"HYMDTBRZP6-HO-M-42-36","M-WMA-HYMDTBRZP6-MED-42-36"
727,"RRWD7PR0RV-RO-29-30","W-WMA-RRWD7PR0RV-29-30"
728,"DH4564-H-BRN-1","M-BHS-DH4564-BRO-11EE"
729,"GB00525-GE-11W","M-RBR-GB00525-11W"
731,"CA1620-CA-COP-6.5W","W-BHS-CA1620-COP-6.5-W"
732,"GB00386-GE-7M","W-RBR-GB00386-7M"
733,"10035942-AR-NAT-6.5B","W-ARI-10035942-NAT-6.5-B"
734,"MABW001-TW-WAT-","M-TWX-MABW001-WAT-12-M"
735,"GB00623-GE-BRN-12M","M-RBR-GB00623-BRO-12-M"
736,"GB00623-GE-12W","M-RBR-GB00623-12W"
737,"GB00625-GE-12M","M-RBR-GB00625-12M"
738,"RRMD0SRZS8-RO-D-33-38","M-WMA-RRMD0SRZS8-DAR-33-38"
739,"RRMD0SRZS8-RO-D-40-38","M-WMA-RRMD0SRZS8-DAR-40-38"
740,"RRMD0SRZS8-RO-D-31-36","M-WMA-RRMD0SRZS8-DAR-31-36"
741,"RRMD0SRZS8-RO-D-34-38","M-WMA-RRMD0SRZS8-DAR-34-38"
742,"RRMD0SRZS8-RO-D-31-38","M-WMA-RRMD0SRZS8-DAR-31-38"
743,"RRMD0SRZS8-RO-D-40-34","M-WMA-RRMD0SRZS8-DAR-40-34"
744,"RRMD0SRZS8-RO-D44-36","M-WMA-RRMD0SRZS8-DAR-44-36"
745,"RRMD0SRZS8-RO-D-40-36","M-WMA-RRMD0SRZS8-DAR-40-36"
746,"RRMD0SRZS8-RO-D-40-32","M-WMA-RRMD0SRZS8-DAR-40-32"
747,"RRMD0SRZS8-RO-D-42-32","M-WMA-RRMD0SRZS8-DAR-42-32"
748,"RRMD0SRZS8-RO-D-42-34","M-WMA-RRMD0SRZS8-DAR-42-34"
749,"RRMD0SRZS8-RO-D-44-34","M-WMA-RRMD0SRZS8-DAR-44-34"
750,"HYMDTBRZP6-HO-M-44-34","M-WMA-HYMDTBRZP6-MED-44-34"
753,"M0D7715-RO-DAR-44-36","M-WMA-M0D7715-DAR-44-36"
754,"M1P1798-RO-DK-40-34","M-WMA-M1P1798-DK -40-34"
755,"M1P2794-RO-DAR-42-34","M-WMA-M1P2794-DAR-42-34"
757,"RRMD1PR0LG-RO-D-44-34","M-WMA-RRMD1PR0LG-DAR-44-34"
760,"M0S8295-RO-DK-44-34","M-WMA-M0S8295-DK -44-34"
761,"M0S1794-RO-DK-31-34","M-WMA-M0S1794-DK -31-34"
762,"RRMD0SR0MG-RO-D-40-34","M-WMA-RRMD0SR0MG-DAR-40-34"
763,"M0S4215-RO-DK-40-34","M-WMA-M0S4215-DK -40-34"
764,"VM0SD02585-RO-M-40-36","M-WMA-VM0SD02585-MED-40-36"
765,"VM0SD02585-RO-M-32-36","M-WMA-VM0SD02585-MED-32-36"
766,"VM0SD02585-RO-M-42-34","M-WMA-VM0SD02585-MED-42-34"
767,"VM0SD02585-RO-M-44-34","M-WMA-VM0SD02585-MED-44-34"
768,"VM0SD02585-RO-M-44-36","M-WMA-VM0SD02585-MED-44-36"
769,"HYMDTBRZRZ-RO-D-40-34","M-WMA-HYMDTBRZRZ-DAR-40-34"
770,"HYMDTBRZRZ-HO-D-44-36","M-WMA-HYMDTBRZRZ-DAR-44-36"
772,"HYMDTBRZRZ-HO-D-42-36","M-WMA-HYMDTBRZRZ-DAR-42-36"
773,"HYMDTBRZRZ-HO-D-35-36","M-WMA-HYMDTBRZRZ-DAR-35-36"
774,"HYMDTBRZRZ-HO-D-40-30","M-WMA-HYMDTBRZRZ-DAR-40-30"
775,"10041080-AR-BLK","M-ARI-10041080-BLA-30-34"
776,"VMTBD03712-RO-M-40-30","M-WMA-VMTBD03712-MED-40-30"
777,"HYMDTBRZRZ-RO-D-38-36","M-WMA-HYMDTBRZRZ-DAR-38-36"
778,"HYMDTBRZRZ-HO-D-33-36","M-WMA-HYMDTBRZRZ-DAR-33-36"
780,"HYMDTBRZRZ-RO-D-40-36","M-WMA-HYMDTBRZRZ-DAR-40-36"
781,"FB00101739-TH-B-10.5D","M-TRS-FB00101739-BLU-10.5-D"
782,"FB15600001-TH-B-10.5D","M-TRS-FB15600001-BLA-10.5-D"
783,"DH4159-H-BAR-1","M-BHS-DH4159-BAR-10-1/2-2E"
784,"OW4764-H-BAR-1","M-BHS-OW4764-BAR-10.5-D"
785,"FB15600001-FI-B","M-GEN-FB15600001-BLA-10.5-EE"
786,"RR3364-TO-RAS-1","M-BHS-RR3364-RAS-10.5-D"
787,"RR3358-TO-BAR-1","M-BHS-RR3358-BAR-10.5-D"
788,"CB769530-CR-IND","W-CRU-CB76953001-IND-30/9-XL"
789,"CB769530-CR-IND-30/9SHORT","W-CRU-CB76953001-IND-30/9-S"
790,"CB769530-CR-IND-30/9R","W-CRU-CB76953001-IND-30/9-R"
791,"CB769530-CR-IND-30/9LONG","W-CRU-CB76953001-IND-30/9-L"
792,"CB769530-CR-IND-32/13SHORT","W-CRU-CB76953001-IND-32/13-S"
793,"WDMST01-TW-DIS-11M","W-TWX-WDMST01-DIS-11-M"
794,"09-021-0-RO-BLK-11","W-KAR-09-021-0191-3381-BLA-11-NA"
795,"WXC0015-TW-GRE-11M","W-TWX-WXC0015-GRA-11-M"
796,"09-021-0-RO-BLK","W-KAR-09-021-0191-3381-BLA-10.5-NA"
797,"WCA0095-TW-GIN-10M","W-TWX-WCA0095-GIN-10-M"
798,"WXC0015-TW-712M","W-TWX-WXC0015-7.5-M"
799,"WDMS025-TW-BLA-9M","W-TWX-WDMS025-BLA-9-M"
800,"09-021-0-RO-TAN","W-KAR-09-021-0607-3582-TAN-9-NA"
801,"10053709-AR-HAI-9B","W-ARI-10053709-HAI-9-B"
802,"10046874-AR-PAS-9B","W-ARI-10046874-PAS-9B"
803,"WCL0019-TW-75M","W-TWX-WCL0019-7.5-M"
804,"WDMX004-TW-DAR-","W-TWX-WDMX004-DAR-8.5-M"
805,"10040380-AR-BRO","W-ARI-10040380-BRO-8-B"
806,"10023008-AR-BRO","W-ARI-10023008-BRO-8-B"
807,"WDMS005-TW-BOM-","W-TWX-WDMS005-BOM-6-M"
808,"WXC0015-TW-GRE-6M","W-TWX-WXC0015-GRA-6-M"
809,"09-021-0-RO-BRN","W-KAR-09-021-0607-3580-BRO-6-NA"
810,"09-021-1-RO-TAN","W-KAR-09-021-1793-3241-TAN-6-NA"
811,"09-021-0-RO-BLK-6.5","W-KAR-09-021-0191-3381-BLA-6.5-NA"
812,"WHYC009-TW-GRY-8.5M","W-TWX-WHYC009-GRA-8.5-M"
813,"JL163-JU-PNK-6M","W-BHS-JL163-PNK-6-M"
814,"10061341-AR-OLI-6B","W-ARI-10061341-OLV-6B"
815,"10053704-AR-DEN-6B","W-ARI-10053704-DEN-6-B"
816,"JL170-JU-TUR-6M","W-BHS-JL170-TUR-6-M"
817,"10040308-AR-GAL-6","W-ARI-10040308-GAL-6-NA"
818,"10061130-AR-CLA-6B","W-ARI-10061130-CLA-6-B"
819,"10044488-AR-COW-6B","W-ARI-10044488-COW-6-B"
822,"WDMX004-TW-DAR-6.5M","W-TWX-WDMX004-DAR-6.5-M"
823,"WDMX004-TW-DAR-5.5M","W-TWX-WDMX004-DAR-6.5-M"
824,"10044488-AR-COW-6.5B","W-ARI-10044488-COW-6.5-B"
825,"JL172-JU-BLA-6.5M","W-BHS-JL172-BLA-6.5-M"
826,"WDMS012-TW-GRE-5.5M","W-TWX-WDMS012-GRA-5.5-NA"
827,"10044489-AR-LEO-5.5","W-ARI-10044489-LEO-5.5-NA"
828,"10053706-AR-HOT-5.5B","W-ARI-10053706-HOT-5.5-B"
829,"WXC0014-TW-BLA-5.5M","W-TWX-WXC0014-BLA-5.5-M"
830,"10053742-AR-MIX","W-ARI-10053742-MIX-5.5-B"
831,"WXC0015-TW-GRE-5.5M","W-TWX-WXC0015-GRA-5.5-M"
832,"WCA0079-TW-DAR-5.5M","W-TWX-WCA0079-DAR-5.5-M"
833,"WBX0006-TW-CAS-5.5M","W-TWX-WBX0006-CAS-5.5-M"
834,"WDM0161-TW-LIG-5.5M","W-TWX-WDM0161-LIG-5.5-M"
835,"09-021-0-RO-WHT","W-KAR-09-021-0607-3221-WHI-5-NA"
836,"10050972-AR-HOT-5.5B","W-ARI-10050972-HOT-5.5-B"
837,"21-1793--RO-BGE-6","W-KAR-21-1793-2983-BEI-6-NA"
838,"10053701-AR-PIN","W-ARI-10053701-PNK-6-B"
839,"10061342-AR-SIL","W-ARI-10061342-SIL-6-B"
840,"10053702-AR-TUR-6","W-ARI-10053702-TUR-6-B"
841,"13MWZGK-WR-BLU-40-34","M-KON-13MWZGK-BLU-40-34"
843,"MXBNW11-TW-LIO-","M-TWX-MXBNW11-LIO-14-EE"
844,"RRWD4HR0VA-RO-M","W-WMA-RRWD4HR0VA-MED-34-34"
845,"RRWD4HR1BS-RO-M-34-36","W-WMA-RRWD4HR1BS-MED-34-36"
846,"WHN8192-RO-MED-34-34","W-WMA-WHN8192-MED-34-34"
847,"RRWD5HRZTX-RO-D-34-32","W-WMA-RRWD5HRZTX-DAR-34-32"
848,"RRWD4HR0VA-RO-M-34-32","M-WMA-RRWD4HR0VA-MED-34-32"
849,"MJ814540-CI-IND-34/17L","W-MIN-MJ81454082-IND-34/17-L"
850,"RRWD7PR1AP-RO-34-32","W-WMA-RRWD7PR1AP-34-32"
851,"WHN8192-RO-MED-34-32","W-WMA-WHN8192-MED-34-32"
852,"RRWD7PR1AP-RO-34-34","W-WMA-RRWD7PR1AP-34-34"
853,"JCHEER-CO-40LON","W-CTU-JCHEER-40-L"
854,"112352980-WR-35-34","W-KON-112352980-35-34"
855,"JBREAC-CO-34-XLONG","W-CTU-JBREAC-34-XL"
856,"W8M3517-RO-LIG-33-32","W-WMA-W8M3517-LIG-33-32"
857,"CB195540-CR-IND-33/15S","W-CRU-CB19554001-IND-33/15-S"
858,"112352980-WR-33-30","W-KON-112352980-33-30"
859,"RRWD4HR1BS-RO-M-33-34","M-WMA-RRWD4HR1BS-MED-33-34"
860,"RRWD4HR1BS-RO-M-33-32","W-WMA-RRWD4HR1BS-MED-33-32"
861,"BW4HD02244-RO-D-33-34","W-WMA-BW4HD02244-DAR-33-34"
862,"RRWD4HR0VA-WR-M-33-32","W-KON-RRWD4HR0VA-MED-33-32"
863,"10043175-AR-33R-33R","W-ARI-10043175-33-R"
864,"10048271-AR-33S","W-ARI-10048271-33-S"
865,"112336744-WR-33","W-KON-112336744-33/15-x-36"
866,"RRW07PR0RV-RO-33-30","W-WMA-RRW07PR0RV-33/30"
867,"112352980-WR-BL","W-KON-112352980-BLU-33-34"
868,"112337312-WR-33/15-36","W-KON-112337312-33/15-x-36"
869,"RRWD5HRZTX-RO-D-33-32","W-WMA-RRWD5HRZTX-DAR-33-32"
870,"RRWD4HR1BS-RO-M-33-36","M-WMA-RRWD4HR1BS-MED-33-36"
871,"112352980-WR-33-36","W-KON-112352980-33-36"
872,"112321493-WR-17-32","W-KON-112321493-17-32"
873,"RRWD4HR0VA-RO-M-33-34","W-WMA-RRWD4HR0VA-MED-33-34"
874,"112321493-WR-15-30","W-KON-112321493-15-30"
875,"BW4HD02244-RO-D-33-32","W-WMA-BW4HD02244-DAR-33-32"
876,"CB733540-CR-IND-32/13S","W-CRU-CB73354001-IND-32/13-S"
877,"W7_9516-RO-DAR-32-32","W-WMA-W7_9516-DAR-32-32"
878,"W7_9516-RO-NVY-32-30","W-WMA-W7_9516-NAV-32-30"
879,"10045373-AR-32S","W-ARI-10045373-32-S"
880,"WPB6100-RO-32X3","W-WMA-WPB6100-32-32"
881,"09MWZKM-WR-15/16-34","W-KON-09MWZKM-15/16-x-34"
882,"W8M3517-RO-LIG-33-34","W-WMA-W8M3517-LIG-32-34"
883,"BW4HD02244-RO-D-32-32","W-WMA-BW4HD02244-DAR-32-32"
884,"WRB6100-RO-32-34","W-WMA-WRB6100-32-34"
885,"MJB14540-CI-32/13S","W-MIN-MJB1454082-32/13-S"
886,"09MWZPV-WR-15-32","W-KON-09MWZPV-15-32"
887,"112321493-WR-15-32","W-KON-112321493-15-32"
888,"MJ814540-CI-321","W-MIN-MJ81454082-32/13-R"
889,"09MWFQG-WR-MAE-15-32","W-KON-09MWFQG-MAE-15-32"
890,"FB00101695-FE-H-12D","M-FBO-FB00101695-HB-12-D"
891,"A4229-CO-BRN-12","M-COR-A4229-BRO-12-D"
892,"FB15600001-FE-12D","W-FBO-FB15600001-12-D"
893,"FB15600001-FE-B-12EE","M-FBO-FB15600001-BLA-12-EE"
894,"L5740-CO-NAT-12","M-COR-L5740-NAT-12-EE"
895,"A4222-CO-MN-12EE","M-COR-A4222-MR-12-EE"
896,"B5000-CO-TAU-12","M-COR-B5000-TAU-12-EE"
897,"A4205-CO-BRO-9M","W-COR-A4205-BRO-9-M"
898,"RP3311-JU-TAN-9B","W-BHS-RP3311-TAN-9-B"
899,"A4229-CO-BRN-13EE","M-COR-A4229-BRO-13-EE"
900,"B5007-CO-TAU-9M","W-COR-B5007-TAU-9-M"
901,"14-021-0-TI-CHE-9","W-KAR-14-021-0007-1512-CC-9-NA"
902,"GB00558-GE-BRN-9W","W-RBR-GB00558-BRO-9-W"
903,"L5704-CO-RED-9M","W-COR-L5704-RED-9-M"
904,"14-021-0-TI-WHI-9","W-KAR-14-021-0007-1513-WHI-9-NA"
905,"14-021-0-TI-BLA-9","W-KAR-14-021-0007-1534-BLA-9-NA"
906,"5970-LA-BLK-9.5M","M-DPC-5970-BLA-9.5-M"
907,"5970-LA-BLK-9M","M-DPC-5970-BLA-9-M"
908,"RP535-JU-BLK-9B","W-BHS-RP535-BLA-9-B"
909,"09-021-1-RO-WHT","W-KAR-09-021-1903-3123-WHI-9-NA"
910,"Z5009-CO-BRN-9M","W-COR-Z5009-BRO-9-M"
911,"A4254-CO-RED-9M","W-COR-A4254-RED-9-M"
912,"L5906-CO-NAT-9M","W-COR-L5906-NAT-9-M"
913,"Z5220-CO-LD-9M","W-COR-Z5220-LD -9-M"
914,"DH5386-H-NEU-9","W-BHS-DH5386-NEU-9-M"
915,"UN2340-JU-TAN-9.5B","W-BHS-UN2340-TAN-9.5-B"
916,"DH5392-H-THO-9.5M","W-BHS-DH5392-THO-9.5-M"
917,"GY9991-JU-BRO-9","W-BHS-GY9991-BRO-9-B"
918,"A3744-CO-BLA-91","W-COR-A3744-BLA-9.5-M"
919,"DH5374-H-CHA-9.5M","W-BHS-DH5374-CHA-9.5-M"
920,"WTH0012-TW-BOM-9.5B","W-TWX-WTH0012-BOM-9.5-B"
921,"DH2411-H-YEL-9.5M","W-BHS-DH2411-YEL-9.5-M"
922,"WXTR004-TW-TOA-","W-TWX-WXTR004-TOA-9.5-B"
923,"A4199-CO-BLU-9.5M","W-COR-A4199-BLU-9.5-M"
924,"Z5220-CO-SAN-9.5M","W-COR-Z5220-SND-9.5-M"
925,"GY9536-JU-BRO-9.5B","W-BHS-GY9536-BRO-9.5-B"
926,"09-021-7-RO-BLK-9.5B","W-KAR-09-021-7625-8633-BLA-9.5-B"
927,"B5007-CO-TAU-9.5M","W-COR-B5007-TAU-9.5-M"
928,"A4205-CO-LD-9.5M","W-COR-A4205-LB-9.5-M"
929,"WXTR014-TW-HIC-9.5B","W-TWX-WXTR014-HIC-9.5-B"
930,"09-021-0-RO-TAN-9.5","W-KAR-09-021-0904-3313-TAN-9.5-NA"
931,"SGK54L-JU-ROY-9.5B","W-BHS-SGK54L-ROY-9.5-B"
932,"10000860-AR-RUS-9.5C","W-ARI-10000860-RUS-9.5-C"
933,"14-021-0-TI-BAR-9.5","W-KAR-14-021-0007-0111-BAR-9.5-NA"
934,"14-021-0-TI-CHE-9.5","W-KAR-14-021-0007-1512-CC-9.5-NA"
935,"GY9991-JU-BRO-9.5B","W-BHS-GY9991-BRO-9.5-B"
936,"GY9526-JU-SHE-9.5B","W-BHS-GY9526-SHE-9.5-B"
937,"A4333-CO-BLA-5.5M","W-COR-A4333-BLA-5.5-M"
938,"WXTL002-TW-GIN-5.5B","W-TWX-WXTL002-GIN-5.5-B"
939,"A4333-CO-BLA-5M","W-COR-A4333-BLA-5-M"
940,"10035942-AR-NAT-5.5B","W-ARI-10035942-NAT-5.5-B"
941,"ME1925-NO-HON-6B","W-BHS-ME1925-HON-6-B"
942,"10034039-AR-DAR-5.5B","W-ARI-10034039-DT-5.5-B"
943,"WKL992-JU-BRN-5","W-BHS-WKL992-BRO-5-B"
944,"SGK54L-JU-BLK-6B","W-BHS-SGK54L-BLA-6-B"
945,"WRS0025-TW-OIL-5.5B","W-TWX-WRS0025-OIL-5.5-B"
947,"09-021-0-RO-GRY-6","W-KAR-09-021-0607-3429-GRA-6-NA"
949,"09-021-0-RO-WHT-6","W-KAR-09-021-0607-3221-WHI-6-NA"
950,"JL172-JU-BLA-6M","W-BHS-JL172-BLA-6-M"
951,"WHYC009-TW-LIG-5.5M","W-TWX-WHYC009-LIG-5.5-M"
952,"WHYC009-TW-LIG-7M","W-TWX-WHYC009-LIG-7-M"
953,"10032916-AR-BLK","W-ARI-10032916-BLA-XS"
954,"DW98C0451-PO-BL-S","W-WMA-DW98C0451-BLA-S"
955,"CW9208-CR-S","W-CCR-CW9208-S"
956,"29819-OU-BRN-SM","W-OTC-29819-BRO-SM"
957,"29649-OU-NVY-SM","W-OTC-29649-NAV-SM"
958,"DW98C04151-PO-B-M","W-WMA-DW98C04151-BLA-M"
960,"29819-OU-BRN-MD","W-OTC-29819-BRN-MD"
961,"L302-SC-TAN-L","W-SSI-L302-TAN-L"
962,"DW98C04151-PO-B-L","W-WMA-DW98C04151-BLA-L"
963,"LL20064-CR-91-L","W-CCR-LL20064-91-L"
964,"29649-OU-NVY-LG","W-OTC-29649-NAV-LG"
965,"MAV99070-CI-MUL-XL","W-MIN-MAV9907001-MUL-XL"
966,"10041584-AR-BAN-XL","W-ARI-10041584-BAN-XL"
967,"42183-OU-CRÈ-XL","W-OTC-42183-CRÈ-XL"
968,"29819-OU-BRN-XL","W-OTC-29819-BRN-XL"
969,"29811-OU-GRY-XL","W-OTC-29811-GRY-XL"
970,"29649-OU-NVY-1X","W-OTC-29649-NAV-1X"
971,"42238-OU-TAN-1X","W-OTC-42238-TAN-1X"
972,"29819-OU-BRN-1X","W-OTC-29819-BRN-1X"
973,"10052831-AR-CHE-1X","W-ARI-10052831-CC-1X"
974,"112336450-WR-XXL","W-KON-112336450-XXL"
975,"HV081BUCR-HO-BU","W-HBR-HV081BUCR-WIN-XXL"
976,"MAV99070-CI-MUL","W-MIN-MAV9907001-MUL-XXL"
977,"MAJ98780-CI-MUL-XXL","W-MIN-MAJ9878005-MUL-XXL"
978,"LW4009M-WR-XXL","W-KON-LW4009M-XXL"
979,"MAV98820-CI-GRY-XXL","W-MIN-MAV9882007-GRA-XXL"
980,"29629-OU-BLK-2X","W-OTC-29629-BLK-2X"
981,"10032916-AR-BLK-2X","W-ARI-10032916-BLA-2X"
982,"29819-OU-BRN-2X","W-OTC-29819-BRN-2X"
983,"29819-OU-BRN-3X","W-OTC-29819-BRN-3X"
984,"CW9208-CR-82-XXXL","W-CCR-CW9208-82-XXXL"
985,"29629-OU-BLK-3X","W-OTC-29629-BLK-3X"
986,"48743-OU-3X","W-OTC-48743-3X"
987,"112336450-WR-3X","W-KON-112336450-3XL"
988,"112335521-WR-3X","W-KON-112335521-3XL"
989,"MWK19040-CI-MUL","M-MIN-MWK1904001-MUL-XS"
990,"MWJ19190-CI-NVY-XS","M-MIN-MWJ1919002-NAV-XS"
991,"MWV15910-CI-XS","M-MIN-MWV1591001-XS"
992,"MWV15410-CI-OLV-XS","M-MIN-MWV1541011-OLV-XS"
993,"MWV15920-CI-CHR","M-MIN-MWV1592003-CHR-XS"
994,"MWV15410-CI-OLI-S","M-MIN-MWV1541011-OLV-S"
995,"MWJ19190-CI-CHR","M-MIN-MWJ1919001-CHR-S"
996,"MWK19040-CI-MUL-S","M-MIN-MWK1904001-MUL-S"
997,"DM93C04095-PO-O","M-WMA-DM93C04095-OLV-S"
998,"VEST-PO-GRY-MT","M-WMA-Vest-GRA-MT"
999,"MWJ19190-CI-CHR-M","M-MIN-MWJ1919001-CHR-M"
1000,"DM93C04095-OW-O-M","M-GEN-DM93C04095-OLV-M"
1001,"98T1176-PO-BLK-","M-WMA-98T1176-BLA-MT"
1002,"DM93CC4095-PO-O-L","M-WMA-DM93CC4095-OLV-L"
1003,"MWK19040-CI-MUL-L","M-MIN-MWK1904001-MUL-L"
1004,"2020-82-SC-BRN-","M-SSI-2020-82-BRO-L"
1005,"10009945-AR-BLK-XL","M-ARI-10009945-BLA-XL"
1006,"MWJ19190-CI-NVY","M-MIN-MWJ1919002-NAV-XL"
1007,"10041691-AR-MAR-XL","M-ARI-10041691-MAR-XL"
1008,"DM903C04-PO-OLI","M-WMA-DM903C04095-OLV-XL"
1009,"10028355-AR-BLK","M-ARI-10028355-BLA-XXL"
1011,"MWJ19190-CI-NVY-XXL","M-MIN-MWJ1919002-NAV-XXL"
1012,"40260-BLK-3XL","M-GEN-40260-BLA-3XL"
1013,"MWV15920-CI-GRY-4XL","M-MIN-MWV159205X-GRA-4XL"
1014,"MWV15910-CI-CHA-4XL","M-MIN-MWV159101X-CHA-4XL"
1015,"MWK51427-CI-BRN-4XL","M-MIN-MWK51427X-BRO-4XL"
1016,"MTW11058-CI-NVY-XS","M-MIN-MTW1105848-NAV-XS"
1017,"MTW11058-CI-GRN","M-MIN-MTW1105830-GRN-XS"
1018,"112338964-WR-XXL","K-KON-112338964-XXL"
1019,"MTW1105881-CI-B","M-MIN-MTW1105881-BRO-XS"
1020,"MTW12420-CI-XS","M-MIN-MTW1242004-XS"
1021,"112338964-WR-XL","M-KON-112338964-XL"
1022,"MTW11059-CI-XS","M-MIN-MTW1105972-XS"
1024,"RMN2S05114-BLK-","A-GEN-RMN2S05114-BLA-XS"
1025,"MTW11060-CI-GRY","M-MIN-MTW1106005-GRA-XS"
1026,"112354511-WR-S","M-KON-112354511-S"
1027,"MTT16905-CI-S","M-MIN-MTT1690578-S"
1028,"112354519-S","A-GEN-112354519-S"
1029,"1005060C-WR-S","A-KON-1005060-S"
1030,"MTT16905-CI-NVY","M-MIN-MTT1690588-NAV-S"
1031,"MTK17210-CI-S","M-MIN-MTK1721018-S"
1033,"112319174-WR-XXL","M-KON-112319174-XXL"
1034,"BU94T05606-RO-N","M-WMA-Bu94t05606-NAV-S"
1035,"MTW11056-CI-BLU","M-MIN-MTW1105657-BLU-S"
1036,"MTW1105832-CI-S","M-MIN-MTW1105832-S"
1037,"MTW11059-CI-WHT","M-MIN-MTW1105995-WHI-S"
1038,"MTW11058-CI-NVY","M-MIN-MTW1105848-NAV-S"
1039,"PSMSOBRZ6M-PA-M","M-WMA-PSMSOBRZ6M-MAI-S"
1040,"MTW11054-CI-NVY","M-MIN-MTW1105407-NAV-S"
1041,"MTW11059-CI-S","M-MIN-MTW1105922-S"
1042,"1075742TN-WR-S","M-KON-1075742TN-S"
1044,"10043921-AR-WIN","M-ARI-10043921-WIN-S/P"
1045,"112319020-WR-M","M-KON-112319020-M"
1046,"70131MW-WR-1512","A-KON-70131MW-15-1/2"
1048,"10MS3127B-WR-L","A-KON-10MS3127B-L"
1049,"BU32T05609-CHA-","A-GEN-BU32T05609-CHA-L"
1050,"MTK17210-CI-L","M-MIN-MTK1721018-L"
1051,"70131MW-WR-16","A-KON-70131MW-16"
1052,"BU94T05606-NVY-","A-GEN-BU94T05606-NAV-L"
1054,"10MS70119-WR","A-KON-10MS70119"
1055,"1005060C-WR-XL","M-KON-1005060-XL"
1057,"1005060C-WR","A-KON-1005060"
1060,"1005060-WR-XXL","M-KON-1005060-XXL"
1061,"10032540-AR-NAV","M-ARI-10032540-NAV-XX-Large"
1062,"10043828-AR-HEA","M-ARI-10043828-HEA-XXL-TALL"
1063,"MTK17210-CI-XXL","M-MIN-MTK1721018-XXL"
1065,"301-278--RO-2XL","M-KAR-301-278-2086-2XL"
1069,"MTW13470-CI-WHT","M-MIN-MTW1347051-WHI-XXL"
1070,"40132-OU-NVY","A-OTC-40132-NAV"
1071,"00970300-2XL","A-GEN-009703000912G-2XL"
1072,"3-01-778-RO-2XL","M-KAR-3-01-778-2097-2XLT"
1074,"MTW11058-CI-XXL","M-MIN-MTW1105832-XXL"
1077,"DH5373-H-CHA-9","W-BHS-DH5373-CHA-9-M"
1078,"Z5137-CO-FUC-8M","W-COR-Z5137-FUC-8-M"
1079,"L3703-JU-BLA-6.5B","W-BHS-L3703-BLA-6.5-B"
1080,"Z5098-CO-BRO-7M","W-COR-Z5098-BRO-7-M"
1081,"A3744-CO-BLA-7M","W-COR-A3744-BLA-7-M"
1082,"09-021-0-RO-TAN-6.5","W-KAR-09-021-0901-0671-TAN-6.5-NA"
1083,"E1538-CO-CHO-10M","W-COR-E1538-CHO-10-M"
1084,"W5006-CO-TAN-10.5M","W-COR-W5006-TAN-10.5-M"
1085,"SA1501-TO-UMB-11B","W-BHS-SA1501-UMB-11-B"
1086,"C3924-CO-ORI-10M","W-COR-C3924-ORI-10-M"
1087,"W5006-CO-TAN-10M","M-COR-W5006-TAN-10-M"
1088,"L5704-CO-RED-10M","W-COR-L5704-RED-10-M"
1089,"GB00386-GE-BRO-11M","W-RBR-GB00386-BRO-11-M"
1090,"L5704-CO-RED-11M","W-COR-L5704-RED-11-M"
1091,"E1538-CO-CHO-11M","W-COR-E1538-CHO-11-M"
1092,"Z5098-CO-BRN-11M","W-COR-Z5098-BRO-11-M"
1093,"W5006-CO-BRN-11M","W-COR-W5006-BRO-11-M"
1094,"L5665-CO-SHE-12M","W-COR-L5665-SC-12-M"
1096,"L6090-CO-BLK-6.5M","W-COR-L6090-BLA-6.5-M"
1097,"A4199-CO-BLU-6.5M","W-COR-A4199-BLU-6.5-M"
1098,"RP537-JU-KHK-7B","W-BHS-RP537-KHA-7-B"
1099,"RP535-JU-BLA-7B","W-BHS-RP535-BLA-7-B"
1100,"GY9991-JU-BRN-7B","W-BHS-GY9991-BRO-7-B"
1101,"GY9536-JU-BRO-7B","W-BHS-GY9536-BRO-7-B"
1102,"14-021-0-TI-BAR-7","W-KAR-14-021-0007-0111-BG-7-NA"
1103,"14-021-0-TI-WHI-7","W-KAR-14-021-0007-1513-WHI-7-NA"
1104,"DH5386-H-NEU-7M","W-BHS-DH5386-NEU-7-M"
1105,"A4254-CO-RED-7M","W-COR-A4254-RED-7-M"
1106,"5970-LA-BLK-7M","W-DPC-5970-BLA-7-M"
1107,"WXBAW01-TW-BRO-7B","W-TWX-WXBAW01-BRO-7-B"
1108,"DH2411-H-YEL-7M","W-BHS-DH2411-YEL-7-M"
1109,"14-021-0-TI-CHE-7","W-KAR-14-021-0007-1512-CHE-7-NA"
1110,"14-021-0-TI-SIZ-6.5","W-KAR-14-021-0007-1528-SB-6.5-NA"
1111,"DRD0447-DU-7M","W-RBR-DRD0447-7-M"
1112,"GY9526-JU-DAR-6.5B","W-BHS-GY9526-DBR-6.5-B"
1113,"SE2801-JU-SPI-6.5B","W-BHS-SE2801-SPI-6.5-B"
1114,"GY9991-JU-BRO-6.5B","W-BHS-GY9991-BRO-6.5-B"
1115,"GY9536-JU-BRO-6","W-BHS-GY9536-BRO-6.5-B"
1116,"FB00101695-FE-H-6.5B","W-FBO-FB00101695-HB-6.5-B"
1117,"B5007-CO-TAU-7M","W-COR-B5007-TAU-7-M"
1118,"TL5406-TO-MIN-7B","W-BHS-TL5406-MM-7-B"
1119,"Z5220-CO-SAN-7M","W-COR-Z5220-SND-7-M"
1120,"SA6209-TO-TAN-7B","W-BHS-SA6209-TAN-7-B"
1121,"SA6208-TO-TAB-7B","W-BHS-SA6208-TAB-7-B"
1122,"Z5219-CO-WHI-7M","W-COR-Z5219-WHI-7-M"
1123,"GB00558-GE-BRN-7M","W-RBR-GB00558-BRO-7-M"
1124,"UN2340-JU-TAN-7B","W-BHS-UN2340-TAN-7-B"
1125,"WXTR013-TW-CHO-6.5B","W-TWX-WXTR013-CHO-6.5-B"
1126,"DH5392-H-THO-6.5M","W-BHS-DH5392-THO-6.5-M"
1127,"DH2411-H-YEL-6.5M","W-BHS-DH2411-YEL-6.5-M"
1128,"DH5386-H-NEU-6.5M","W-BHS-DH5386-NEU-6.5-M"
1129,"DH7030-H-DAR-6.5M","W-BHS-DH7030-DBR-6.5-M"
1130,"WXTR009-TW-DIS-6.5B","W-TWX-WXTR009-DIS-6.5-B"
1131,"Q4252-CO-HAN-7B","A-COW-Q4252-HL-7-B"
1132,"Q452-CO-HAN-6.5B","W-COW-Q452-HL-6.5-B"
1133,"UN2340-JU-TAN-6.5B","W-BHS-UN2340-TAN-6.5-B"
1134,"Q5019-CO-BRN-6M","W-COR-Q5019-BRO-6-M"
1135,"L5704-CO-RED-6M","W-COR-L5704-RED-6-M"
1136,"14-021-0-TI-HAN-6","W-KAR-14-021-0077-1412-HAN-6-NA"
1137,"A4059-CO-BRN-10M","W-COR-A4059-BRO-10-M"
1138,"Z5220-CO-SAN-10.5M","W-COR-Z5220-SND-10.5-M"
1139,"UN2340-JU-TAN-6B","W-BHS-UN2340-TAN-6-B"
1140,"L5906-CO-NAT-10M","W-COR-L5906-NAT-10-M"
1141,"RP535-JU-BLK-10B","W-BHS-RP535-BLA-10-B"
1142,"L6090-CO-BLK-10M","W-COR-L6090-BLA-10.5-M"
1143,"14-021-0-TI-BAR-10","W-KAR-14-021-0007-0111-BAR-10-NA"
1144,"DH5374-H-CHA-10M","W-BHS-DH5374-CHA-10-M"
1145,"DH2411-H-YEL-10M","W-BHS-DH2411-YEL-10-M"
1149,"14-021-0-TI-PAI-6","W-KAR-14-021-0007-1473-PB-6-M"
1151,"14-021-0-TI-BAR-11","W-KAR-14-021-0007-0111-BAR-11-NA"
1152,"L6098-CO-SAN-11M","W-COR-L6098-SND-11-M"
1153,"GB00558-GE-BRN-11M","W-RBR-GB00558-BRO-11-M"
1155,"SE2801-JU-SPI-6B","W-BHS-SE2801-SPI-6-B"
1157,"14-021-0-TI-WIL-6","W-KAR-14-021-0007-1464-WN-6-NA"
1159,"FB00101695-FE-B-6B","A-FBO-FB00101695-WIN-6-B"
1161,"1011695-BUR-5.5B","W-GEN-1011695-WIN-5.5-B"
1162,"09-021-0-RO-TAN-5.5","W-KAR-09-021-0904-3313-TAN-5.5-NA"
1163,"09-021-0-RO-TAN-5","W-KAR-09-021-0904-3313-TAN-5-NA"
1165,"RRWD5MRZ41-RO-32-34","M-WMA-RRWD5MRZ41-32-34"
1166,"MJ81454071-CI-32/13R","W-MIN-MJ81454071-32/13-R"
1167,"112367575-WR-TA-33-32","W-KON-112367575-TAN-33-32"
1168,"112367577-WR-33-32","W-KON-112367577-33-32"
1169,"BW4MD07188-RO-33-34","W-WMA-BW4MDO7188-33-34"
1170,"MJ814540-CI-331","W-MIN-MJ81454071-33/15-R"
1171,"BW6PD05304-RO-D-33-32","W-WMA-BW6PD05304-DAR-33-32"
1172,"BW6PD05304-RO-D-33-30","W-WMA-BW6PD05304-DAR-33-30"
1173,"BW6D05305-RO-DA-33-34","W-WMA-BW6D05305-DAR-33-34"
1174,"BW6PD05304-RO-D-33-36","W-WMA-BW6PD05304-DAR-33-36"
1175,"10040806-AR-33S","W-ARI-10040806-33-S"
1176,"112367575-WR-BR-33-34","W-KON-112367575-BRO-33-34"
1177,"BW4MD05313-RO-B-33-34","W-WMA-BW4MD05313-BLA-33-34"
1178,"BW4MD05313-RO-B-33-32","W-WMA-BW4MD05313-BLA-33-32"
1179,"1-0540-2-ST-16L","W-RHE-1-0540-214-0807-16-L"
1180,"11-054-0-ST-16R","W-RHE-11-054-0214-0807-16-R"
1181,"BW4MD05313-RO-B-33-36","W-WMA-BW4MD05313-BLA-33-36"
1182,"10053533-AR-BLK-33R","W-ARI-10053533-BLA-33-R"
1183,"10024300-AR-DRE-33XL","W-ARI-10024300-DRE-33-X"
1184,"10024300-AR-DRE-34S","W-ARI-10024300-DRE-34-S"
1185,"112367575-WR-BR-34-32","W-KON-112367575-BRO-34-32"
1186,"HYWD4HR16A-RO-M-34-34","W-WMA-HYWD4HR16A-MED-34-34"
1187,"11-054-0-ST-18L","W-RHE-11-054-0214-0807-18-L"
1188,"CB72954071-CR-34/17L","W-CRU-CB72954071-34/17-L"
1189,"10053533-AR-BLK-34R","W-ARI-10053533-BLA-34-R"
1190,"BW6PD05304-RO-D-34-36","W-WMA-BW6PD05304-DAR-34-36"
1191,"10053533-AR-BLK-34L","W-ARI-10053533-BLA-34-L"
1192,"BW6PD05304-RO-D-34-34","W-WMA-BW6PD05304-DAR-34-34"
1193,"10024300-AR-DRE-34L","W-ARI-10024300-DRE-34-L"
1194,"BW4MD07188-RO-M-34-32","W-WMA-BW4MD07188-MED-34-32"
1195,"BW4MD05313-RO-B-34-32","W-WMA-BW4MD05313-BLA-34-32"
1196,"BW4MD05313-RO-B-34-30","W-WMA-BW4MD05313-BLA-34-30"
1197,"BW6PD05304-RO-D-34-32","W-WMA-BW6PD05304-DAR-34-32"
1198,"10024300-AR-34XL","W-ARI-10024300-34-X"
1199,"BW4MD05313-RO-B-34-36","W-WMA-BW4MD05313-BLA-34-36"
1200,"BW4MD05313-RO-B-36-36","W-WMA-BW4MD05313-BLA-36-36"
1201,"10053533-AR-BLK-16WL","W-ARI-10053533-BLA-16-WL"
1202,"BW4MD05313-RO-B-36-30","W-WMA-BW4MD05313-BLA-36-30"
1203,"BW6PD05304-RO-D-36-36","W-WMA-BW6PD05304-DAR-36-36"
1204,"10053533-AR-BLK-20WR","W-ARI-10053533-BLA-20-WR"
1205,"BW4MD05313-RO-B-36-34","W-WMA-BW4MD05313-BLA-36-34"
1206,"10053533-AR-BLK-18WR","W-ARI-10053533-BLA-18-WR"
1207,"10053533-AR-BLK-24WR","W-ARI-10053533-BLA-24-WR"
1208,"10053533-AR-BLK-26WR","W-ARI-10053533-BLA-26-WR"
1209,"10053533-AR-BLK-26WL","W-ARI-10053533-BLA-26-WL"
1210,"10053533-AR-BLK-20WL","W-ARI-10053533-BLA-20-WL"
1211,"10017510-AR-MAR-25XL","W-ARI-10017510-MAR-25-X"
1212,"10017510-AR-MAR-25R","W-ARI-10017510-MAR-25-R"
1213,"112367577-WR-25-32","W-KON-112367577-25-32"
1214,"112367600-WR-26-34","W-KON-112367600-26-34"
1215,"112367575-WR-TA-25-34","W-KON-112367575-TAN-25-34"
1216,"112367575-WR-TA-26-32","W-KON-112367575-TAN-26-32"
1217,"1009MWWSA-WR-25","W-KON-1009MWWSA-25/0-x-34"
1218,"10040806-AR-MIS-25L","W-ARI-10040806-MIS-25-L"
1219,"BW4MD05313-RO-B-25-34","W-WMA-BW4MD05313-BLA-25-34"
1220,"10017510-AR-MAR-25L","W-ARI-10017510-MAR-25-L"
1221,"10017510-AR-MAR-25S","W-ARI-10017510-MAR-25-S"
1222,"1009MWWSA-WR-26/1-32","W-KON-1009MWWSA-26/1-x-32"
1223,"1009MWWSA-WR-26","W-KON-1009MWWSA-26/1-x-34"
1224,"10024300-AR-26L","W-ARI-10024300-26-L"
1225,"10017510-AR-MAR-26XL","W-ARI-10017510-MAR-26-X"
1226,"BW4MD05313-RO-B-36-32","W-WMA-BW4MD05313-BLA-26-32"
1227,"10053533-AR-BLK-26S","W-ARI-10053533-BLA-26-S"
1228,"10053533-AR-BLK-26R","W-ARI-10053533-BLA-26-R"
1229,"BW4MD05313-RO-B-26-36","W-WMA-BW4MD05313-BLA-26-36"
1230,"BW4MD05313-RO-B-26-34","W-WMA-BW4MD05313-BLA-26-34"
1231,"BW6PD05304-RO-27-30","W-WMA-BW6PD05304-27-30"
1232,"112367575-WR-TA-27-34","W-KON-112367575-TAN-27-34"
1233,"112367575-WR-TA-27-32","W-KON-112367575-TAN-27-32"
1234,"112367600-WR-27-34","W-KON-112367600-27-34"
1235,"BW4MD05313-RO-B-27-30","W-WMA-BW4MD05313-BLA-27-30"
1236,"10053533-AR-BLK-27R","W-ARI-10053533-BLA-27-R"
1237,"BW4MD05313-RO-B-27-36","W-WMA-BW4MD05313-BLA-27-36"
1238,"10040503-AR-COL-27R","W-ARI-10040503-COL-27-R"
1239,"10017510-AR-MAR-27R","W-ARI-10017510-MAR-27-R"
1240,"1009MWWSA-WR-27/3-30","W-KON-1009MWWSA-27/3-x-30"
1241,"1009MWWSA-WR-27/3-32","W-KON-1009MWWSA-27/3-x-32"
1242,"1009MWSA-WR-273","W-KON-1009MWSA-27/3-x-36"
1243,"1009MWZBK-WR-BL-27/3-34","W-KON-1009MWZBK-BLA-27/3-x-34"
1244,"10041063-AR-28R","W-ARI-10041063-28-R"
1245,"112367600-WR-28-32","W-KON-112367600-28-32"
1246,"BW6PD05304-BU-D-28-30","W-GEN-BW6PD05304-DAR-28-30"
1247,"1009MWWSA-WR-28/5-36","W-KON-1009MWWSA-28/5-x-36"
1248,"1009MWZBK-WR-BL-28/5-32","W-KON-1009MWZBK-BLA-28/5-32"
1249,"BW4MD05313-RO-B-28-36","W-WMA-BW4MD05313-BLA-28-36"
1250,"BW4MD05313-RO-B-28-34","W-WMA-BW4MD05313-BLA-28-34"
1251,"10053533-AR-BLK-28S","W-ARI-10053533-BLA-28-S"
1252,"112367577-WR-28-34","W-KON-112367577-28-34"
1253,"112367600-WR-28-34","W-KON-112367600-28-34"
1254,"BW4MD07188-RO-M-28-34","M-WMA-BW4MD07188-MED-28-34"
1255,"112367600-WR-29-32","W-KON-112367600-29-32"
1256,"112367575-WR-29-34","W-KON-112367575-29-34"
1257,"112367577-WR-29-32","W-KON-112367577-29-32"
1258,"1009MWZBK-WR-BL-29/7-34","W-KON-1009MWZBK-BLA-29/7-x-34"
1259,"112367575-WR-TA-29-30","W-KON-112367575-TAN-29-30"
1260,"B4W405313-RO-BL-29-36","W-WMA-B4W405313-BLA-29-36"
1261,"1009MWZBK-WR-BL-29/7-32","W-KON-1009MWZBK-BLA-29/7-x-32"
1262,"1009MWWSA-WR-29/7-34","W-KON-1009MWWSA-29/7-x-34"
1263,"1009MWWVSA-WR-29/7-32","W-KON-1009MWWVSA-29/7-x-32"
1264,"1009MWWSA-WR-MI","W-KON-1009MWWSA-MID-29/7-x-36"
1265,"1009MWWSA-WR-28/5-30","W-KON-1009MWWSA-28/5-x-30"
1266,"10017510-AR-MAR-28L","W-ARI-10017510-MAR-28-L"
1267,"1009MWWSA-WR-28","W-KON-1009MWWSA-28/5-x-32"
1268,"10040806-AR-MIS-28R","W-ARI-10040806-MIS-28-R"
1269,"10017510-AR-MAR-28R","W-ARI-10017510-MAR-28-R"
1270,"1009MWWSA-WR-28/5-34","W-KON-1009MWWSA-28/5-x-34"
1271,"1009MWWSA-WR-29/7-30","W-KON-1009MWWSA-29/7-x-30"
1272,"10017510-AR-MAR-29R","W-ARI-10017510-MAR-29-R"
1273,"10024300-AR-29L","W-ARI-10024300-29-L"
1274,"10024300-AR-30XL","W-ARI-10024300-30-X"
1275,"10017510-AR-MAR-30R","W-ARI-10017510-MAR-30-R"
1276,"1009MWVSA-WR-30/9-36","W-KON-1009MWVSA-30/9-x-36"
1277,"1009MWWSA-WR-30/9-32","W-KON-1009MWWSA-30/9-x-32"
1278,"1009MWWSA-WR-30/9-34","W-KON-1009MWWSA-30/9-x-34"
1279,"1009MWWSA-WR-30/9-30","W-KON-1009MWWSA-30/9-x-30"
1280,"112367575-WR-TA-30-34","W-KON-112367575-TAN-30-34"
1281,"112367575-WR-TA-30-30","W-KON-112367575-TAN-30-30"
1282,"112367577-WR-BL-30-32","W-KON-112367577-BLU-30-32"
1283,"112367600-WR-30-32","W-KON-112367600-30-32"
1284,"BW4MD05313-RO-B-30-34","W-WMA-BW4MD05313-BLA-30-34"
1285,"RRWD4HRZQ2-RO-M-30-34","W-WMA-RRWD4HRZQ2-MED-30-34"
1286,"112360638-WR-30-32","W-KON-112360638-30-32"
1287,"BW4MD05313-RO-B-30-30","W-WMA-BW4MD05313-BLA-30-30"
1288,"BW4MD05313-RO-B-30-32","W-WMA-BW4MD05313-BLA-30-32"
1289,"112360638-WR-BL-30-34","W-KON-112360638-BLU-30-34"
1290,"10053533-AR-BLK-30L","W-ARI-10053533-BLA-30-L"
1291,"10017510-AR-MAR-30L","W-ARI-10017510-MAR-30-L"
1292,"10039598-AR-31R","W-ARI-10039598-31-R"
1293,"BW4MD07188-RO-M-31-32","W-WMA-BW4MD07188-MED-31-32"
1294,"RRWD4HRZQ2-RO-M-31-34","W-WMA-RRWD4HRZQ2-MED-31-34"
1295,"112367600-WR-31-32","W-KON-112367600-31-32"
1296,"W7_9516-RO-DAR-31-32","W-WMA-W7_9516-DAR-31-32"
1297,"112367577-WR-31-34","W-KON-112367577-31-34"
1298,"112367575-WR-TA-31-34","W-KON-112367575-TAN-31-34"
1299,"1009MWZBK-WR-13-32","W-KON-1009MWZBK-13-32"
1300,"09MWZBK-WR-13-34","W-KON-09MWZBK-13-34"
1301,"BW4MD06801-RO-D-31-32","W-WMA-BW4MD06801-DAR-31-32"
1302,"MJ814540-CI-IND-31/11L","W-MIN-MJ81454071-IND-31/11-L"
1303,"10042183-AR-31L","W-ARI-10042183-31-L"
1304,"10017510-AR-MAR-31R","W-ARI-10017510-MAR-31-R"
1305,"BW4MD05313-RO-B-31-32","W-WMA-BW4MD05313-BLA-31-32"
1306,"10043144-AR-ALA-31XL","W-ARI-10043144-ALA-31-X"
1307,"RRWD4HRZQ2-RO-M-31-32","W-WMA-RRWD4HRZQ2-MED-31-32"
1308,"BW6PD05304-RO-D-31-36","W-WMA-BW6PD05304-DAR-31-36"
1309,"BW6PD05304-RO-D-31-32","W-WMA-BW6PD05304-DAR-31-32"
1310,"10053533-AR-BLK-31R","W-ARI-10053533-BLA-31-R"
1311,"PH5005-H-BRO-13D","M-BHS-PH5005-BRO-13-D"
1312,"PH5011-PH-OBS-13EE","M-BHS-PH5011-OBS-13-EE"
1313,"PH5011-H-OBS-13D","M-BHS-PH5011-OBS-13-D"
1314,"DH4159-H-BAR-13EE","M-BHS-DH4159-BAR-13-EE"
1315,"808W-CO-NAT-13D","M-COW-808W-NAT-13-D"
1316,"10019959-AR-ANT-14D","M-ARI-10019959-AS-14-D"
1317,"09-020-7-RO-BRN-14D","M-KAR-09-020-7801-8496-BRO-14-D"
1318,"10002218-AR-BLA-14D","M-ARI-10002218-BLA-14-D"
1319,"B5000-CO-TAU-15EE","M-COR-B5000-TAU-15-EE"
1320,"DH4159-H-BAR-14EE","M-BHS-DH4159-BAR-14-EE"
1321,"MRS0056-TW-AMB-14EE","M-TWX-MRS0056-AW-14-EE"
1322,"GB00623-GE-14M","M-RBR-GB00623-14-M"
1323,"MHY0035-TW-CHO-14D","M-TWX-MHY0035-CHO-14-D"
1324,"SE471-JU-BAR-14D","M-BHS-SE471-BAR-14-D"
1325,"SE471-JU-BAR-14EE","M-BHS-SE471-BAR-14-EE"
1326,"DH5361-H-BUF-14D","M-BHS-DH5361-BUF-14-D"
1327,"WK2112-JU-PEC-14D","M-BHS-WK2112-PEC-14-D"
1328,"DH5391-H-THO-10.5EE","M-BHS-DH5391-THO-10.5-2E"
1329,"DH5391-H-THO-11EE","M-BHS-DH5391-THO-11-2E"
1330,"DH5427-H-NEU-12D","M-BHS-DH5427-NEU-12-D"
1331,"DH5361-H-BUF-12D","M-BHS-DH5361-BR-12-D"
1332,"WK2110-JU-TUM-15EE","M-BHS-WK2110-TUM-15-EE"
1333,"GB00525-GE-BRN-14M","M-RBR-GB00525-BRO-14-M"
1334,"BR777-JU-BRN-14D","M-BHS-BR777-BRO-14-D"
1335,"DP69402-DA-TAN-18EW","M-DPC-DP69402-TAN-18-EW"
1336,"DP69408-DA-TAN-18D","M-DPC-DP69408-TAN-18-D"
1337,"DP69402-DA-SAD-16D","M-DPC-DP69402-SAD-16-D"
1338,"DP69482-DA-TAN-15D","M-DPC-DP69482-TAN-15-D"
1339,"DP69482-DA-SAD-16D","M-DPC-DP69482-SAD-16-D"
1340,"6436-AB-13EE","M-ABC-6436-13-EE"
1341,"DH5361-H-BUF-13D","M-BHS-DH5361-BR-13-D"
1342,"GB00623-GE-13M","M-RBR-GB00623-13-M"
1343,"MHY0035-TW-CHO-13D","M-TWX-MHY0035-CHO-13-D"
1344,"6401-AB-13EE","M-ABC-6401-13-EE"
1345,"SE4113-JU-BLA-11EE","M-BHS-SE4113-BLA-11-EE"
1346,"SE471-JU-BAR-11EE","M-BHS-SE471-BAR-11-EE"
1347,"GB00623-GE-BRN-11.5M","M-RBR-GB00623-BRO-11.5-M"
1348,"MXLW001-TW-DIS-10.5EE","M-TWX-MXLW001-DIS-10.5-EE"
1349,"DP69402-DA-SAD-15EW","M-DPC-DP69402-SAD-15-EW"
1350,"WK2116-JU-TAN-15EE","M-BHS-WK2116-TAN-15-EE"
1351,"GB00528-GE-11W","M-RBR-GB00528-11-W"
1352,"GB00312-GE-11M","M-RBR-GB00312-11-M"
1353,"4764-JU-BRN-11EE","M-BHS-4764-BRO-11-EE"
1354,"GB00540-GE-10.5M","M-RBR-GB00540-10.5-M"
1355,"GB00435-GE-11W","M-RBR-GB00435-11-W"
1356,"DH5366-H-CUM-11.5EE","M-BHS-DH5366-CUM-11.5-EE"
1357,"MLGCW03-TW-DIS-11D","M-TWX-MLGCW03-DIS-11-D"
1358,"GY9980-JU-AGE-8.5B","W-BHS-GY9980-AGE-8.5-B"
1359,"5970-LA-BLK-8.5M","M-DPC-5970-BLA-8.5-M"
1360,"14-021-0-TI-BAN-8.5","W-KAR-14-021-0007-1447-BW-8.5-NA"
1361,"Z5220-CO-SAN-8.5M","W-COR-Z5220-SND-8.5-M"
1362,"FB00101695-FE-H-8B","A-FBO-FB00101695-HB-8-B"
1363,"10031664-AR-DIS-8C","W-ARI-10031664-DIS-8-C"
1364,"Z5137-CO-FUC-8.5M","W-COR-Z5137-FUC-8.5-M"
1367,"DWRD022-DU-BRO-8M","W-RBR-DWRD022-BRO-8-M"
1368,"GB00558-GE-8W","W-RBR-GB00558-8-W"
1369,"B5007-CO-TAU-8M","W-COR-B5007-TAU-8-M"
1370,"A4199-CO-LD-8M","M-COR-A4199-LS-8-M"
1371,"A4530-CO-BLA-8M","W-COR-A4530-BLA-8-M"
1372,"Q452-CO-ORI-8B","W-COW-Q452-ORI-8-B"
1373,"14-021-0-TI-CHE-7.5","W-KAR-14-021-0007-1512-CHE-7.5-NA"
1374,"A4199-CO-BLU-7.5M","W-COR-A4199-BLU-7.5-M"
1375,"UN2340-JU-TAN-7.5B","W-BHS-UN2340-TAN-7.5-B"
1376,"GB00558-GE-BRN-7.5W","W-RBR-GB00558-BRO-7.5-W"
1377,"DH5386-H-NEU-7.5M","W-BHS-DH5386-NEU-7.5-M"
1378,"CA1620-CA-COP-7.5W","W-BHS-CA1620-COP-7.5-W"
1379,"DH5392-H-THO-7.5M","W-BHS-DH5392-THO-7.5-M"
1380,"GY9991-JU-BRN-7.5B","W-BHS-GY9991-BRO-7.5-B"
1381,"FB00101966-FE-P-7.5B","A-FBO-FB00101966-PT-7.5-B"
1382,"WAL0009-TW-BRN-8.5M","W-TWX-WAL0009-BRO-8.5-M"
1383,"WAL0009-TW-BRN-11M","W-TWX-WAL0009-BRO-11-M"
1384,"WAL0009-TW-BRN-6M","W-TWX-WAL0009-BRO-6-M"
1385,"WAL0009-TW-BRN-5.5M","W-TWX-WAL0009-BRO-5.5-M"
1386,"WAL0009-TW-BRN-6.5M","W-TWX-WAL0009-BRO-6.5-M"
1387,"66-JBZR-AN","A-GEN-66-JBZR"
1388,"22172NJ1-JU-TUR","W-BHS-22172NJ1-TUR"
1389,"23163NJ1-JU-TUR","W-BHS-23163NJ1-TUR"
1390,"22062NJ1-JU-TUR","W-BHS-22062NJ1-TUR"
1391,"24031NJ2-JU","W-BHS-24031NJ2"
1392,"23027NJ1-TW","W-TWX-23027NJ1"
1393,"D460014279-SI","W-GEN-D460014279"
1394,"DBR744-AN-BRN","A-GEN-DBR744-BRO"
1395,"ID1381-CO","A-GEN-ID1381"
1396,"10009945-AR-BLK","M-ARI-10009945-BLA-XL"
1398,"MWJ19190-CI-NVY-XL","M-MIN-MWJ1919002-NAV-XL"
1400,"DM903C04-PO-OLI-XL","M-WMA-DM903C04095-OLV-XL"
1401,"10028355-AR-BLK-XXL","M-ARI-10028355-BLA-XXL"
1404,"MWV15910-CI-CHR-4XL","M-MIN-MWV159101XCHR-CHR-4XL"
1405,"MWK15142-CI-BRN-4XL","M-MIN-MWK151427X-BRN-4XL"
1406,"F5300433-RA-BGE-4T","K-GEN-F530043310X4TD-BEI-4T"
1407,"MTT76720-CI-BLK-6_12M","K-MIN-MTT7672060-BLA-6-12M"
1408,"MTT76710-CI-3T","K-MIN-MTT7671086-3T"
1409,"112368289-WR-XS","K-KON-112368289-XS"
1410,"YOUTH-TH-RED-XS","K-TRS-YOUTH-RED-XS"
1411,"SBN2S06641-PA-N-XS","K-WMA-SBN2S06641-NAT-XS"
1412,"3-30-278-RO-PUR-XS","K-KAR-3-30-278-2088-PUR-XS"
1413,"112368289-WR-S","K-KON-112363829-S"
1414,"MWJ51000-CI-BLU-S","K-MIN-MWJ5100001-BLU-S/6-8"
1415,"SBN2S06641-PA-N-S","K-WMA-SBN2S06641-NAT-S"
1416,"MTW7060359-CI-B-S","K-MIN-MTW7060359-BRN-S"
1417,"112368289-WR-MO-M","K-KON-112368289-MON-M"
1418,"19807016-RO-RED-M","K-KAR-198070163926-RED-M"
1419,"MTK76300-CI-RED-M","K-MIN-MTK7630019-RED-M"
1420,"112368289-WR-MO-L","K-KON-112368289-MON-L"
1421,"03-030-0-RO-CAM-L","B-KAR-03-030-0482-0410-CAM-L"
1422,"YOUTH-TH-RED-L","K-TRS-YOUTH-RED-L"
1423,"10058705-AR-BLU-L","K-ARI-10058705-BLU-L"
1424,"SBN2S02644-PA-B-L","K-WMA-SBN2S02644-BLA-L"
1425,"MTK76300-CI-RED-L","K-MIN-MTK7630019-RED-L"
1426,"MWJ51000-CI-BLU-L","K-MIN-MWJ5100001-BLU-L/12"
1427,"3-30-421-RO-BL-L","K-KAR-3-30-421-612-BL-L"
1428,"PHBSOSR0AL-PA-T-L","K-WMA-PHBSOSR0AL-TAU-L"
1429,"YOUTH-TH-RED-XL","A-GEN-YOUTH-RED-XL"
1430,"MTW70200-CI-GRN-XL","K-MIN-MTW7020098-GRN-XL"
1431,"MTW70603-CI-PUR-XL","K-MIN-MTW7060390-PUR-XL"
1432,"10058705-AR-BLU-XL","K-ARI-10058705-BLU-XL"
1433,"03-030-0-RO-BU-XL","K-KAR-03-030-0522-5685-BU-XL"
1434,"MTW70603-CI-PUR-XXL","K-MIN-MTW7060390-PUR-XXL"
1435,"70127BT-WR-20X35","M-KON-70127BT-20-x-35"
1436,"70136MW-WR-20X37","M-KON-70136MW-20-x-37"
1437,"SXN2S04445-PA-D-3XL","M-WMA-SXN2S04445-DBR-3XL"
1438,"1-01-101-RO-BRO-3XL","M-KAR-1-01-101-6040-BRO-3XL"
1439,"10052082-AR-BLK-3XL","M-ARI-10052082-BLA-3XL"
1440,"40133-OU-NVY-3X","M-OTC-40133-NAV-3XL"
1441,"BU94T05606-RO-N-XXL","M-WMA-BU94T05606-NAV-XXL"
1442,"01-001-1-RO-BRO-2XL","M-KAR-01-001-101-6040-BRO-2XL"
1443,"MTW11058-CI-NVY-XXL","M-MIN-MTW1105848-NAV-XXL"
1444,"10MS70119-WR-2XT","M-KON-10MS70119-2XT"
1445,"MTW11059-CI-WHT-XXL","M-MIN-MTW1105995-WHI-XXL"
1446,"MTW11059-CI-RED-XXL","M-MIN-MTW1105991-RED-XXL"
1447,"MTW11056-CI-BLU-XXL","M-MIN-MTW1105657-BLU-XXL"
1448,"3-01-778-RO-GRY-2XLT","M-KAR-3-01-778-2097-GY-GRA-2XLT"
1449,"10097030-TI-GRY-2XL","M-KAR-1009703000912GY-GRA-2XL"
1450,"MTW13470-CI-WHT-XXL","M-MIN-MTW1347051-WHI-XXL"
1451,"MTW11054-CI-NVY-XXL","M-MIN-MTW1105407-NAV-XXL"
1452,"3-01-278-RO-PU-","M-KAR-3-01-278-2086-PU-2XL"
1453,"10043828-AR-HEA-XXLT","M-ARI-10043828-HEA-XXL-Tall"
1454,"10032540-WR-NAV-XXL","M-KON-10032540-NAV-XXL"
1455,"3-01-778-RO-PLA-5XLT","M-KAR-3-01-778-2087-BU-PLA-5XLT"
1456,"10078030-OR-GRY-2XL","M-GEN-1007803000769QY-GRA-2XL"
1457,"11235459-WR-BLK-XL","M-KON-11235459-BLA-XL"
1458,"BU21T03676-RO-B-XL","M-WMA-BU21T03676-BLA-XL"
1459,"10078030-OU-GRY-XL","M-GEN-1007803000758QY-GRA-XL"
1460,"BU94T05606-RO-N-L","M-WMA-BU94T05606-NAV-L"
1461,"BU32T05609-RO-C-L","M-WMA-BU32T05609-CHA-L"
1462,"10078030-OU-L","M-GEN-1007803000769GY-L"
1464,"BU94T05606-RO-N-S","M-WMA-BU94T05606-NAV-S"
1465,"MTK17210-CI-TEA-M","M-MIN-MTK1721018-TEA-M"
1466,"112354519-WR-BL-S","M-KON-112354519-BLA-S"
1467,"MTW11058-CI-BRN-S","M-MIN-MTW1105881-BRO-S"
1468,"MTW1242004-CI-P-XS","M-MIN-MTW1242004-PUR-XS"
1469,"MTW11058-CI-BRN-XS","M-MIN-MTW1105881-BRO-XS"
1471,"MTW11058-CI-GRN-S","M-MIN-MTW1105830-GRN-S"
1472,"MB581350-CI-RED","M-MIN-MB58135005-RED-S"
1473,"MB581350-CI-RED-XL","M-MIN-MB58135005-RED-XL"
1474,"03-050-0-RO-S","W-KAR-03-050-0522-1697-S"
1475,"LW22T04671-PA-O","W-WMA-LW22T04671-OLV-XS"
1476,"L9T1737-PA-RED-XS","W-WMA-L9T1737-RED-XS"
1477,"10054847-AR-BLK-XS","W-ARI-10054847-BLA-XS"
1478,"112354415-WR-XS","W-KON-112354415-XS"
1479,"112354393-WR-XS","W-KON-112354393-XS"
1480,"112339146-WR-XS","W-KON-112339146-XS"
1481,"BW21T02705-RO-R-S","W-WMA-BW21T02705-RST-S"
1482,"112354393-WR-S","W-KON-112354393-S"
1483,"10041307-AR-WIL-S","W-ARI-10041307-WIL-S"
1485,"03-050-0522-1697-RO-S","W-KAR-03-050-0522-1697-S"
1486,"LW22T04671-PA-O-S","W-WMA-LW22T04671-OLV-S"
1487,"03-050-0522-1697-AS-RO-RED-S","W-KAR-03-050-0522-1697-RED-S"
1488,"112344188-WR-S","W-KON-112344188-S"
1489,"112354394-WR-S","W-KON-112354394-S"
1490,"CWK75020-CR-S","W-CRU-CWK7502001-S"
1491,"10054847-AR-BLK-S","W-ARI-10054847-BLA-S"
1492,"10041598-AR-HEA-S","W-ARI-10041598-HEA-S"
1493,"10LW011FA-WR-RE-S","W-KON-10LW011FA-RED-S"
1495,"112354393-WR-M","W-KON-112354393-M"
1496,"10041307-AR-WIL-M","W-ARI-10041307-WIL-M"
1497,"10054847-AR-BLK-M","W-ARI-10054847-BLA-M"
1498,"10LW011FA-WR-RE-M","W-KON-10LW011FA-RED-M"
1499,"03-050-0522-1697-AS-RO-M","W-KAR-03-050-0522-1697-M"
1500,"03-050-0522-1697-AS-RO-RED-M","W-KAR-03-050-0522-1697-RED-M"
1501,"MAK79080-CI-GRY-L","W-MIN-MAK7908001-GRA-L"
1502,"112354393-WR-L","W-KON-112354393-L"
1503,"10054846-AR-GRE-L","W-ARI-10054846-GRA-L"
1504,"03-050-0522-1697AS-RO-PLA-L","W-KAR-03-050-0522-1697AS-PLA-L"
1505,"10054846-AR-GRE-XL","W-ARI-10054846-GRA-XL"
1506,"03-050-0522-1697-AS-RO-L","W-KAR-03-050-0522-1697-L"
1507,"MSK78950-CI-L","W-MIN-MSK7895006-L"
1510,"03-050-0522-1697-AS-RO-BLU-L","W-KAR-03-050-0522-1697-BLU-L"
1511,"03-050-0522-1697AS-RO-RED-L","W-KAR-03-050-0522-1697AS-RED-L"
1512,"03-050-0522-1697AS-RO-RED-XL","W-KAR-03-050-0522-1697AS-RED-L"
1513,"112327946-WR-XL","W-KON-112327946-XL"
1514,"1005847-AR-BLK-XL","W-ARI-1005847-BLA-XL"
1515,"03-050-0522-1697-AS-RO-BLU-XL","W-KAR-03-050-0522-1697-BLU-XL"
1516,"MTW7020098-GRN-CI-GRN-XXL","K-MIN-MTW7020098-GRN-XXL"
1517,"MTW7060307-MUL-CI-MUL-XXL","K-MIN-MTW7060307-MUL-XXL"
1518,"MTW7060379-CI-PUR-XXL","K-MIN-MTW7060379-PUR-XXL"
1519,"112367540-WR-CO-3_6M","K-KON-112367540-CRL-3-6-M"
1520,"10046458-AR-BAN-XS","K-ARI-10046458-BAN-XS"
1521,"03-009-0513-0484-RO-BU-XS","K-KAR-03-009-0513-0484-BU-XS"
1522,"CTK88700-CR-YEL-XS","K-CRU-CTK8870001-YEL-XS/4-5"
1523,"HH1188GY-HO-GRY-XS","W-HBR-HH1188GY-Y-XS-GRA-XS"
1524,"10043881-AR-NVY-S","K-ARI-10043881-NAV-S"
1525,"HH1207GY-HO-GRY-XS","K-HBR-HH1207GY-Y-XS-GRA-XS"
1526,"805303044238-RO-LIG-XS","G-KAR-805303044238-LIG-XS(4-5)"
1527,"LGN2S05378-PA-B-XS","K-WMA-LGN2S05378-BRI-XS"
1528,"CTW3370009-CR-PUR-XS","K-CRU-CTW3370009-PUR-XS/4-5"
1529,"CWJ8009001-CR-GOL-XS","G-CRU-CWJ8009001-GLD-XS/4-5"
1530,"HH1188GY-HO-GRY-S","K-HBR-HH1188GY-Y-S-GRA-S"
1531,"CTW8040013-CR-PNK-S","G-CRU-CTW8040013-PNK-S/6-7"
1532,"112321681-WR-S","K-KON-112321681-S"
1533,"10060845-AR-LAY-S","K-ARI-10060845-LAY-L"
1534,"HH1207GY-HO-GRY-S","K-HBR-HH1207GY-Y-S-GRA-S"
1535,"LGN2S05378-PA-B-S","K-WMA-LGN2S05378-BRI-S"
1536,"112367481-WR-OR-S","M-KON-112367481-ORG-S"
1537,"10042235-AR-BLK-M","K-ARI-10042235-BLA-M/10"
1538,"03-009-0-RO-BLU-M","K-KAR-03-009-0513-0484-BLU-M"
1539,"CTK88700-CR-YEL-M","K-CRU-CTK8870001-YEL-M/8"
1540,"112321681-WR-TE-M","K-KON-112321681-TEA-M"
1541,"CTK87500-CR-PNK-M","K-CRU-CTK8750002-PNK-M/8"
1542,"CTK8610002-CR-PUR-M","K-CRU-CTK8610002-PUR-M/8"
1543,"112321681-WR-BL-M","K-KON-112321681-BLA-M"
1544,"10043381-AR-NAV-M","K-ARI-10043381-NAV-M/10"
1545,"HH1207GY-HO-GRY-M","K-HBR-HH1207GY-Y-M-GRA-M"
1546,"CWJ80090-CR-GOL-M","K-CRU-CWJ8009001-GLD-M/8"
1547,"HH1188GY-HO-GRY","K-HBR-HH1188GY-Y-M-GRA-M"
1548,"CTK87500-CR-PNK-L","K-CRU-CTK8750002-PNK-L/10"
1549,"HH1188GY-HO-GRY-XL","K-HBR-HH1188GY-Y-XL-GRA-XL"
1550,"HH1207GY-HO-GRY-L","K-HBR-HH1207GY-Y-L-GRA-L"
1551,"G4T7805-RO-BLK-L","K-WMA-G4T7805-BLA-L"
1552,"HH1188GY-HO-GRY-L","K-HBR-HH1188GY-Y-L-GRA-L"
1553,"10054597-AR-STR-XL","K-ARI-10054597-STR-XL"
1554,"80530304-RO-AQU-XL","K-KAR-805303044221-AQU-XL-(14)"
1555,"G4T7805-RO-BLK-XL","K-WMA-G4T7805-BLA-XL"
1556,"CTT85200-CR-PNK-XL","K-CRU-CTT8520003-PNK-XL/12"
1557,"G3T1609-RO-TAN-","K-WMA-G3T1609-TAN-XL"
1558,"CTK80050-CR-WHT-XL","K-CRU-CTK8005001-WHT-XL/12"
1559,"112367481-WR-OR-XL","K-KON-112367481-ORG-XL"
1560,"112367481-WR-OR-XXL","K-KON-112367481-ORG-XXL"
1561,"112321681-WR-BL-XXL","K-KON-112321681-BLA-XXL"
1562,"CWJ8009001-CR-GOL-XXL","K-CRU-CWJ8009001-GLD-XXL"
1563,"CTK35500-CR-XXL","K-CRU-CTK3550009-XXL"
1564,"G3T1609-RO-XXL","K-WMA-G3T1609-XXL"
1565,"CTK8005001-CR-XXL","K-CRU-CTK8005001-XXL/14-16"
1566,"G1-1608-RO-PUR-XXL","K-WMA-G1-1608-PUR-XXL"
1567,"RRGT21R197-RO-B-XXL","K-WMA-RRGT21R197-BAB-XXL"
1574,"112354393-WR-XL","W-KON-112354393-XL"
1575,"3-39-513-2044-RO-1X","W-KAR-3-39-513-2044-1X"
1576,"3-39-513-2044-RO-XL","W-KAR-3-39-513-2044-XL"
1577,"112339586-WR-XL","W-KON-112339586-XL"
1578,"112339146-WR-PL-XL","W-KON-112339146-PLA-XL"
1579,"10054847-AR-BLK-XL","W-ARI-10054847-BLA-XL"
1581,"03-050-0522-1697-RO-BLU-XL","W-KAR-03-050-0522-1697-BLU-XL"
1582,"10LW011FA-WR-PI-XL","W-KON-10LW011FA-PNK-XL"
1583,"10046317-AR-DEE-1X","W-ARI-10046317-DEE-1X"
1584,"10LW011FA-WR-XL","W-KON-10LW011FA-XL"
1585,"112344169-WR-GR-XL","W-KON-112344169-GRN-XL"
1586,"10054846-AR-GRE-XXL","W-ARI-10054846-GRA-XXL"
1587,"112327946-WR-BL-XXL","W-KON-112327946-BLA-XXL"
1588,"112344188-WR-XX","W-KON-112344188-XXL"
1589,"10041598-AR-HEA-XXL","W-ARI-10041598-HEA-XXL"
1590,"10054847-AR-BLK-XXL","W-ARI-10054847-BLA-XXL"
1592,"10054845-AR-WHI-XXL","W-ARI-10054845-WHI-XXL"
1594,"112339146-WR-RE-XXL","W-KON-112339146-RED-XXL"
1595,"10046452-AR-NVY-XXL","W-ARI-10046452-NAV-XXL"
1596,"112354393-WR-WH-XXL","W-KON-112354393-WHI-XXL"
1597,"3-39-513-2044-RO-BLU-2X","W-KAR-3-39-513-2044-BLU-2X"
1598,"10046452-AR-NVY-2X","W-ARI-10046452-NAV-2X"
1599,"10052002-AR-BLA-XXL","W-ARI-10052002-BLA-XXL"
1600,"BW94T05879-RO-A","W-WMA-BW94T05879-AQU-XXL"
1602,"112344169-WR-GR-XXL","W-KON-112344169-GRN-XXL"
1603,"112336277-WR-GRXXL","W-KON-112336277-GRN-XXL"
1604,"10LW011FA-WR-RE-XXL","W-KON-10LW011FA-RED-XXL"
1605,"10LW011FA-WR-PN-XXL","W-KON-10LW011FA-PNK-XXL"
1606,"10LW011FA-WR-3X","W-KON-10LW011FA-3XL"
1607,"10051999-AR-BLK-3X","W-ARI-10051999-BLA-3X"
1608,"112367283-WR-3X","W-KON-112367283-3XL"
1609,"112354415-WR-BL-3XL","W-KON-112354415-BLU-3XL"
1610,"112354394-WR-BR-3XL","W-KON-112354394-BRO-3XL"
1611,"112354393-WR-3X","W-KON-112354393-3XL"
1612,"112344169-WR-GR-3XL","W-KON-112344169-GRN-3XL"
1613,"3-39-513-2044-RO-3X","W-KAR-3-39-513-2044-BU-3X"
1614,"42183-OU-CRÈ-3X","W-OTC-42183-CRÈ-3X"
1615,"MAK98200-CI-BLK-XXL","W-MIN-MAK9820015-BLA-XXL"
1616,"40236-OU-TAN-1X/2X","W-OTC-40236-TAN-1X/2X"
1617,"42238-OU-TAN-2X","W-OTC-42238-TAN-2X"
1618,"112336413-WR-GR-XL","W-KON-112336413-GRA-XL"
1619,"MAK7902001-CI-LTB-XXL","W-MIN-MAK7902001-LT -XXL"
1620,"MAK9204001-CI-MAR-XXL","W-MIN-MAK9204001-MAR-XXL"
1621,"MAK99090-CI-TUR-XXL","W-MIN-MAK9909002-TUR-XXL"
1622,"40213-OU-NVY-1X/2X","W-OTC-40213-NAV-1X/2X"
1623,"MSW9201037-CI-BLU-XXL","W-MIN-MSW9201037-BLU-XXL"
1624,"MSW9164140-CI-XXL","W-MIN-MSW9164140-XXL"
1625,"MSW9164101-CI-XXL","W-MIN-MSW9164101-XXL"
1626,"MSW9164192-CI-ROY-XXL","W-MIN-MSW9164192-ROY-XXL"
1627,"70103-RO-MID-2X","W-GEN-70103-MID-2XL"
1628,"MSW9163027-CI-MUL-XXL","W-MIN-MSW9163027-MUL-XXL"
1629,"70015-RO-PAI-2X","W-GEN-70015-PAI-2XL"
1630,"68418-RO-MUL-2X","W-GEN-68418-MUL-2XL"
1631,"MSW91650-CI-GRN-XXL","W-MIN-MSW9165020-GRN-XXL"
1632,"CTK74590-CR-GRN-XXL","W-CRU-CTK7459005-GRN-XXL"
1633,"70339-RO-PAI-2XL","W-GEN-70339-PAI-2XL"
1634,"MSK78950-CI-GRY-XXL","W-MIN-MSK7895006-GRA-XXL"
1635,"10LW1041B-WR-XXL","W-KON-10LW1041B-XXL"
1636,"42183-OU-CRÈ-1X","W-OTC-42183-CRÈ-1X"
1637,"MSW9163004-CI-BLU-XL","W-MIN-MSW9163004-BLU-XL"
1638,"98296-RO-BLA-XL","W-GEN-98296-BLA-XL"
1639,"MSW91630-CI-YEL-XL","W-MIN-MSW9163003-YEL-XL"
1640,"40218-OU-BLU-XL","W-OTC-40218-BLU-XL"
1641,"10055112-AR-WIL-XL","W-ARI-10055112-WIL-XL"
1642,"MSK78950-CI-GRY","W-MIN-MSK7895006-GRA-XL"
1643,"10098030-NAV-XL","W-GEN-1009803000787BU-NAV-XL"
1644,"112335690-WR-XL","W-KON-112335690-XL"
1645,"MAK92040-CI-PUR-XL","W-MIN-MAK9204001-PUR-XL"
1646,"22S3161-PA-DAR-XL","W-WMA-22S3161-DAR-XL"
1647,"RSWSODRYU2-PA-B-XL","W-WMA-RSWSODRYU2-BUR-XL"
1648,"PWN2S03154-PA-M-XXL","W-WMA-PWN2S03154-MEL-XXL"
1649,"MSW91630-CI-YEL-XXL","W-MIN-MSW9163003-YEL-XXL"
1650,"MSW91640-CI-LIG-XXL","W-MIN-MSW9164086-LIG-XXL"
1651,"RSWSODRYU2-PA-B-XXL","W-WMA-RSWSODRYU2-WIN-XXL"
1652,"MSW9163014-CI-BLU-XXL","W-MIN-MSW9163014-BLU-XXL"
1653,"MSW91630-CI-BLU-XXL","W-MIN-MSW9163004-BLU-XXL"
1655,"68294-RO-MUL-2X","W-GEN-68294-MUL-2XL"
1656,"10098030-TI-GRY","W-KAR-1009803000737-GRA-XL"
1658,"10098030-TI-GRY-L","W-KAR-1009803000737GY-GRA-L"
1659,"22S3161-RO-DAR-L","W-WMA-22S3161-DAR-L"
1660,"MSW91641-CI-ROY-L","W-MIN-MSW9164192-ROY-L"
1661,"MSW91650-CI-GRN-L","W-MIN-MSW9165024-GRN-L"
1662,"42183-OU-CRE-LG","W-OTC-42183-CRE-LG"
1663,"CTK74590-CR-GRN-M","W-CRU-CTK7459005-GRN-M"
1664,"MAK92040-CI-PUR-M","W-MIN-MAK9204001-PUR-M"
1665,"40213-OU-NVY-SM","W-OTC-40213-NAV-S/M"
1666,"40218-OU-BLU-MD","W-OTC-40218-BLU-MD"
1667,"112336413-WR-GR-L","W-KON-112336413-GRA-L"
1668,"112336413-GRY-S","W-GEN-112336413-GRA-S"
1669,"MAK92040-CI-PUR-S","W-MIN-MAK9204001-PUR-S"
1670,"48705-OU-TAN-SM","W-OTC-48705-TAN-SM"
1671,"40218-OU-BLU-SM","W-OTC-40218-BLU-SM"
1672,"112336528-WR-BL-SM","W-KON-112336528-BLU-S/M"
1673,"CTK74590-CR-KHK-S","W-CRU-CTK7459004-KHA-S"
1674,"MAK92040-CI-PUR-XS","W-MIN-MAK9204001-PUR-XS"
1675,"1009803000737-TI-GRY-S","W-KAR-1009803000737-GRA-S"
1676,"112336413-WR-GR-XS","W-KON-112336413-GRA-XS"
1677,"1009803000737-TI-GRY-XS","W-KAR-1009803000737-GRA-XS"
1678,"CTK7459004-CR-KHK-XS","W-CRU-CTK7459004-KHA-XS"
1679,"2777-BU-WHI-587","A-BHH-2777-WHI-58-7-1/4"
1680,"883383678505-RE-738","A-RHE-883383678505-7-3/8"
1681,"56-7-PB-WHT-567","A-GEN-56-7-WHI-56-7"
1682,"QUENTEN-RO-WHT-678","A-RKI-QUENTEN-WHI-6-7/8"
1683,"30428166-RE-81-634","A-RHE-30428166-81--6-3/4"
1684,"MAVERICK-RO-NAT-634","A-RKI-MAVERICK-NAT-6-3/4"
1685,"2934-PB-NAT","A-GEN-2934-NAT"
1686,"T71221-7-TW-NAT","A-MFW-T71221-7.375-NAT-7-3/8"
1687,"RSBRWR-3-HO-81-758","A-HBR-RSBRWR-30428175-81 -7-5/8"
1688,"RSBRWR-3-HO-81-712","A-HBR-RSBRWR-30428174-81 -7-1/2"
1689,"RSBRWR-3-HO-NAT-634","A-HBR-RSBRWR-30428166-NAT-634"
1690,"QUENTEN-RO-NAT-738","A-RKI-QUENTEN-NAT-7-3/8"
1691,"2992-PB-NAT-738","A-GEN-2992-NAT-59-7-3/8"
1692,"MAVERICK-RO-NAT","A-RKI-MAVERICK-NAT-7-3/8"
1693,"T71221-TW-NAT-678","A-MFW-T71221-NAT-6-7/8"
1694,"T71221-TW-NAT-6","A-MFW-T71221-NAT-6-3/4"
1695,"1320-OU-BRN-XL","A-OTC-1320-BRN-XL"
1696,"1166-OU-BRN-LG","A-OTC-1166-BRN-LG"
1697,"SW017572-WHT-612","A-GEN-SW01757236.OKJR-R-WHI-6-1/2-R"
1698,"71928047-BLK-L","A-GEN-719280476886-BLA-L"
1699,"719280476893-BLK-XL","A-GEN-719280476893-BLA-XL"
1700,"RWCORO-90420776-HO-BLK-734","A-HBR-RWCORO-90420776-BLA-7-3/4"
1701,"RWCORO-90420775-HO-BLK-758","A-HBR-RWCORO-90420775-BLA-7-5/8"
1702,"RWCORO-9-HO-BLK","A-HBR-RWCORO-90420766-BLA-6-3/4"
1703,"D53102-M&-NAT-712","A-MFW-D53102-NAT-7-1/2"
1704,"D53102-M&-NAT-7","A-MFW-D53102-NAT-7"
1705,"15118-TEA","A-GEN-15118-TEA"
1706,"D36202-M&-NAT-L","A-MFW-D36202-NAT-L"
1707,"SS25058126-JO-N-712","A-GEN-SS25058126-NAT-7-1/2R"
1708,"SS25058126-JO-N-738","A-GEN-SS25058126-NAT-7-3/8-R"
1709,"RSHODRK8-HO-BLA-734","A-HBR-RSHODRK8342M276-BLA-65-7-3/4"
1710,"RSHODRK8-HO-BLA-758","A-HBR-RSHODRK8342M275-BLA-7-5/8"
1711,"RSHODRK8-HO-BLA-712","A-HBR-RSHODRK8342M274-BLA-7-1/2"
1712,"RSHODRK8-BLA-738","A-GEN-RSHODRK8342M273-BLA-7-3/8"
1713,"RSHODRK8-HO-BLA-738","A-HBR-RSHODRK8342MZ173-BLA-7-3/8"
1714,"RSHODRK8-HO-BLA-714","A-HBR-RSHODRK8342M272-BLA-7-1/4"
1715,"RSHODRK8-HO-BLA-718","A-HBR-RSHODRK8342M271-BLA-7-1/8"
1716,"RSHODRK8-HO-BLA-7","A-HBR-RSHODRK8342M270-BLA-7"
1717,"RSHODRK8-HO-BLA-634","A-HBR-RSHODRK8342M266-BLA-6-3/4"
1719,"RSTHGDCJ-RE-BLA-734","A-RHE-RSTHGDCJ42M276-BLA-7-3/4"
1720,"RSTHGD-C-RE-BLA-734","A-RHE-RSTHGD-CJ42M2T26-BLA-7-3/4"
1721,"CHL-RO-THU-758","A-RKI-CHL-THU-7-5/8"
1722,"R5THGD-C-RE-BLA-758","A-RHE-R5THGD-CJ42M2T5-BLA-7-5/8"
1723,"RSTHGD-C-RE-BLA-712","A-RHE-RSTHGD-CJ42M274-BLA-7-1/2"
1724,"CHL-RO-THU-678","A-RKI-CHL-THU-6-7/8"
1725,"RFKGMN-5-RE-CHO-734","A-RHE-RFKGMN-52402276-CHO-7-3/4"
1726,"RF04150740-RE-B-734","A-RHE-RF04150740-BLA-7-3/4"
1727,"SF004116-ST-61-678","A-RHE-SF004116130-61 -6-7/8"
1728,"QUICKSIL-RE-QUI-634","A-RHE-QUICKSILVER-QUI-6-3/4"
1729,"RF0425B140-RE-B-634","A-RHE-RF0425B140-B1 -6-3/4"
1730,"W0604A-BA-BLK-612","A-RHE-W0604A-BLA-6-1/2"
1731,"M32881241-MA-WH-634","A-GEN-M32881241-WHI-6-3/4"
1732,"OPENCROWN-RO-SI-734","A-RKI-Open-SIL-7-3/4"
1733,"BUCKSKIN-RE-738","A-RHE-Buckskin-7-3/8"
1734,"PGNT--R-RE-72-714","A-RHE-PGNT--R-72 -7-1/4"
1735,"RESISTOL-RE-634","A-RHE-Resistol-6-3/4"
1736,"TBZR-MI-EL-714","A-GEN-TBZR-EL -7-1/4"
1737,"THUNDERB-BA-634","A-RHE-Thunderbolt-6-3/4"
1738,"RF0425B140-RE-A","A-RHE-RF0425B140-ALA-6-3/4"
1739,"FUTR-L-RE-SIL-634","A-RHE-FUTR-L-SIL-6-3/4"
1744,"25-1750-WE","W-WLE-25-1750"
1745,"782600C--JT-SIL","K-GEN-782600C-0-0-SIL"
1945,"889359049720+1","M-ARI-10017511-DUR-40-30"
1949,"051071502108+1","M-KON-13MWZ-36-32"
1950,"051071502108-1","M-KON-13MWZ-36-32"
1956,"051071393225+1","M-KON-13MWZXS-48-32"
1957,"051071393249+1","M-KON-13MWZXS-50-32"
1958,"051071393249-1","M-KON-13MWZXS-50-32"
1959,"051071393249-1-V2","M-KON-13MWZXS-50-32"
1960,"051071393249*1","M-KON-13MWZXS-50-32"
1961,"051071393249-1-V3","A-KON-13MWZXS-50-32"
1964,"760609081410+1","M-KON-1031MWZGK-40-32"
2023,"889871002838","M-ABC-3151-10.5-EE"
2348,"884882031747-FIX-PRICE","M-TWX-MWP0001-DS-14-EE"
2495,"192584451245","W-MIN-MAK7906002-GRA-XXL"
2803,"731871653568","M-BHS-HL4227-CIN-11.5-D"
2900,"193715486112","M-RBR-GB00625-12-M"
3262,"671270117332","K-OWB-BSI1907-4-NA"
3418,"050971008796","M-ECA-15202603BG-97-(AS-4XL"
4951,"65510-36-WE-ORA","A-WLE-65510-36-122-ORG"
5153,"073111062892","A-BHS-2172798W4-(B"
5712,"343007M0","A-RHE-OSBLGD-BLA-M"
5788,"112379217-BP-XXS","A-KON-112379217-BLU-XXS"
5813,"LIGHTSPEED","A-GEN-RSWDAY-CJ4081AL-ALL"
5990,"AR4379-981-L/XL","K-ARI-10055383-PRE-L/XL"
5991,"AR3718-981-S/M","K-ARI-10047873-HOR-S/M"
5993,"AR4378-871-S/M","K-ARI-10055382-MUL-S/M"
5994,"AR4378-981-S/M","K-ARI-10055382-ACT-S/M"
6493,"WLE-35-4277-S9-WHI-LG","A-WLE-35-4277-S9-WHI-LG"
6496,"T-WLE-35-4277-S15-STE-LG","A-WLE-35-4277-S15-STE-LG"
6497,"T-WLE-35-4276-S15-STE","A-WLE-35-4277-S15-STE-LG"
6498,"T-GEN-35-4276-S1-BLA-MD","A-WLE-T-BLA-Medium"
6499,"T-JTI-64-18000F-PNK-LARGE","A-JTI-64-18000F-11-103-PNK-Large"
6501,"T-GEN-64-18000F-11-103-PNK-LARGE","A-JTI-64-18000F-11-103-PNK-Large"
6505,"T-JTI-32-9123-2-81","A-JTI-32-9123-2-81-BLA-81"
6506,"T-JTI-32-9123-9-84","A-JTI-32-9123-9-84-BLA-84"
6507,"T-JTI-32-9123-4-69-BLU","A-JTI-32-9123-4-69-BLU-69"
6508,"T-JTI-32-91225MN-BLA-42","A-JTI-32-91225MN-BLA-42"
6509,"T-JTI-32-9123P-BLU-66","A-JTI-32-9123P-BLU-66"
6511,"T-JTI-32-9123P-TUR-63","A-JTI-32-9123P-14-63-TUR-63"
6517,"T-WLE-15-0180-BLA","A-WLE-15-0180-BLA"
6520,"T-TRO-70-130A","A-TRO-70-130A-BLA"
6524,"T-JTI-68-9036-BLU-","A-JTI-68-9036-4-0-ROY"
6526,"T-GEN-5932-1-16","A-GEN-5932-1-16-fl-oz"
7000,"NOSTYLEN-GRY-S","A-RKI-NOSTYLEN-GRA"
